description;coicop;vat;vat, min;vat, max;Notes
Arroz para seco;1110101;0;0;0;
Arroz para sopa;1110102;0;0;0;
Arroz integral;1110103;0;0;0;
Pastas o fideos para sopa: letras, conchitas, etc.;1110201;0.05;0.05;0.05;
Pastas para seco: espaguetis, raviolis, macarrones, tallarines, etc.;1110202;0.05;0.05;0.05;
Avena molida;1110301;0.05;0.05;0.05;
Avena en hojuelas;1110302;;0.05;0.19;
Cebada perlada;1110401;0;0;0;
Cuchuco de cebada para preparar;1110402;0;0;0;
Cuchuco de trigo para preparar;1110501;0.05;0.05;0.05;
Harina de trigo (incluye tempura);1110502;0.05;0.05;0.05;
Salvado de trigo;1110503;0.05;0.05;0.05;
Ma�z blanco, amarillo, trillado, peto, porva, pira, millo para preparar;1110601;0;0;0;
Cuchuco de ma�z para preparar;1110602;0.19;0.19;0.19;
Harina de ma�z;1110603;0.05;0.05;0.05;
Harina precocida de ma�z;1110604;0.05;0.05;0.05;
F�cula de ma�z para preparar;1110605;0.19;0.19;0.19;
"Pan corriente, con queso,  ali�ado, mogolla, relleno, pan de coco, calado, tajado, �rabe., para consumo en el hogar
";1110801;0;0;0;
Pan franc�s para consumo en el hogar;1110802;0;0;0;
Pan integral para consumo en el hogar;1110803;0;0;0;
Harina para preparar tortas, natilla, bu�uelos, etc.;1119801;0.19;0.19;0.19;
Harina para coladas ;1119802;0.19;0.19;0.19;
Almidones de papa o yuca;1119803;0.19;0.19;0.19;
Cereales para el desayuno;1119804;0.19;0.19;0.19;
Cereales para la alimentaci�n infantil (papilla);1119805;0.19;0.19;0.19;
Ajonjol�, soya, quinua, sorgo (para preparar);1119806;0.19;0.19;0.19;
Masas para la preparaci�n de productos de panader�a o pasteler�a  (trigo, ma�z, soya);1119807;0.19;0.19;0.19;
Arepas crudas o precocidas  ;1119808;0;0;0;
Bollos y envueltos precocidos, quiches, tamales;1119809;0.19;0.19;0.19;
G�rmen de trigo, lecitina, levadura, linaza ;1119810;0.19;0.19;0.19;
Comidas preparadas precocidas a base de cereales (lasagna, pizza, empanadas) ;1119811;0.19;0.19;0.19;
Carne vegetal, embutidos y otros alimentos vegetarianos (a base de soya, gl�ten, lenteja, quinua, etc.) sin cocinar;1119812;0.19;0.19;0.19;
Galletas de sal para consumo en el hogar;1119901;0.19;0.19;0.19;
"Galletas de dulce (de panader�a y de paquete) para consumo en el hogar
";1119902;0.19;0.19;0.19;goods with different tax rates. Tentative VAT presented.
Galletas integrales (de panader�a y de paquete) para consumo en el hogar;1119903;0.19;0.19;0.19;goods with different tax rates. Tentative VAT presented.
Otros productos de panader�a no mencionados previamente: brownies, obleas, ponques, bizcochos (pudines en Costa Atl�ntica) para consumo en el hogar;1119999;0;0;0;
Carne de res sin hueso o pulpa;1120101;0;0;0;
Carne de res con hueso;1120102;0;0;0;
Hueso de res;1120103;0;0;0;
Carne molida de res;1120104;0;0;0;
Lengua de res;1120105;0;0;0;
H�gado, ri�ones, coraz�n, sesos, mondongo,  tripa y otras v�sceras de res;1120106;0;0;0;
Patas, manos, cola  y cabeza de res;1120107;0;0;0;
Carne de cerdo sin hueso o pulpa;1120201;0;0;0;
Carne de cerdo con hueso;1120202;0;0;0;
Carne molida de cerdo;1120203;0;0;0;
Hueso de cerdo (espinazo y otros huesos);1120204;0;0;0;
Tocino y garra;1120205;0;0;0;
H�gado, ri�ones, coraz�n, tripa y otras v�sceras de cerdo;1120206;0;0;0;
Patas, manos, cola  y cabeza de cerdo;1120207;0;0;0;
Gallina o pollo vivo;1120301;0;0;0;
Carne de gallina o de pollo (entero o en presas);1120302;0;0;0;
Carne de Pavo, Pich�n, Zuro, Palomo, Pato  Ganso, codorniz;1120303;0;0;0;
Menudencias de gallina o pollo;1120304;0;0;0;
Conejo, liebre, Cur� o cuy para consumo en el hogar;1120401;0;0;0;
Cordero, chivo, cabro para consumo en el hogar;1120402;0;0;0;
Chig�iro para consumo en el hogar;1120403;0;0;0;
Caballo para consumo en el hogar;1120404;0;0;0;
"Carne preparada de pavo, pollo,cerdo, lomo ahumado para consumo en el hogar
";1120501;0;0;0;
Mortadela;1120502;0.05;0.05;0.05;
Salchichas para consumo en el hogar;1120503;0;0;0;
Jam�n y jamoneta para consumo en el hogar;1120504;0;0;0;
Chorizo para consumo en el hogar;1120505;0;0;0;
Tocineta;1120506;0;0;0;
Hamburguesa para consumo en el hogar;1120507;0;0;0;
Carnes fr�as enlatadas;1120509;0;0;0;
"Otros embutidos de proteina animal (longaniza, butifarra, g�novas, salchich�n, salami, c�banos, pat�s, etc) para consumo en el hogar
";1120599;0.05;0.05;0.05;goods with different tax rates. Tentative VAT presented.
Otros alimentos no especificados: Hormigas culonas, etc. ;1129901;0.19;0.19;0.19;
Pescado de r�o fresco o congelado;1130101;0;0;0;
Pescado de mar fresco o congelado;1130201;0;0;0;
Camarones frescos o congelados;1130202;0.19;0.19;0.19;
Pescado y crust�ceos enlatados (sardinas, at�n, salm�n, mejillones, etc.);1130203;0;0;0;
Otros mariscos, crust�ceos y moluscos frescos o congelados;1130298;0.19;0.19;0.19;
Otros productos de pescado y derivados para consumo en el hogar;1130299;0.19;0.19;0.19;
Leche cruda para consumo en el hogar;1140101;0;0;0;
Leche pasteurizada (entera, descremada, semidescremada, deslactosada y enriquecida) para consumo en el hogar;1140102;0;0;0;
"Leche larga vida (entera, descremada, semidescremada, deslactosada y enriquecida) para consumo en el hogar
";1140103;0;0;0;
"Leche en polvo (entera, descremada, semidescremada) para consumo en el hogar
";1140105;0;0;0;
Queso campesino para consumo en el hogar;1140201;0;0;0;
Queso doble crema para consumo en el hogar;1140202;0.19;0.19;0.19;
Cuajada, quesillo para consumo en el hogar;1140204;0;0;0;
Otros quesos: pera, mozarella, paipa, parmesano, etc. para consumo en el hogar;1140299;0.19;0.19;0.19;
Huevos crudos de gallina y otras aves para consumo en el hogar;1140501;0;0;0;
Huevos crudos de iguana y de tortuga para consumo en el hogar;1140502;0.19;0.19;0.19;
Leche condensada, leche condensada y evaporada y crema chantilly para consumo en el hogar;1149901;0.19;0.19;0.19;
Crema de leche;1149902;0.19;0.19;0.19;
Yogurt para consumo en el hogar;1149903;0.19;0.19;0.19;
Kumis para consumo en el hogar;1149904;0.19;0.19;0.19;
Suero coste�o, queso crema, crema agria;1149905;0.19;0.19;0.19;
Natas para consumo en el hogar;1149906;0;0;0;
Postres l�cteos para consumo en el hogar;1149907;0.19;0.19;0.19;
"Bebidas l�cteas saborizadas no achocolatadas (avena) para consumo en el hogar
";1149908;0.19;0.19;0.19;
Aceite de girasol, ma�z, soya y palma;1150101;0.05;0.05;0.05;
Aceite de oliva ;1150102;0.19;0.19;0.19;
Otros aceites comestibles: canola, cacahuete, coco, almendras, diet�ticos, etc.;1150199;0.19;0.19;0.19;
Mantequilla de vaca ;1150201;0.19;0.19;0.19;
Margarinas ;1150301;0.19;0.19;0.19;
Manteca vegetal;1159901;0.19;0.19;0.19;
Manteca de cerdo;1159902;0.19;0.19;0.19;
Otras grasas y aceites (aceite de pescado y otros animales marinos, mantequilla de man�);1159999;0.19;0.19;0.19;
Naranjas;1160101;0;0;0;
Limones;1160102;0;0;0;
Mandarinas;1160103;0;0;0;
Toronjas;1160104;0;0;0;
Limas;1160105;0;0;0;
Cidras;1160106;0;0;0;
Bananos;1160107;0;0;0;
Manzanas;1160108;0;0;0;
Peras;1160109;0;0;0;
Melones;1160110;0;0;0;
Mango;1160111;0;0;0;
Guayabas;1160112;0;0;0;
Guan�banas;1160113;0;0;0;
Zapotes;1160114;0;0;0;
Tamarindo;1160115;0;0;0;
Tomate de �rbol;1160116;0;0;0;
Moras;1160117;0;0;0;
Curubas;1160118;0;0;0;
Maracuy�;1160119;0;0;0;
Lulos;1160120;0;0;0;
Patilla o sand�a;1160121;0;0;0;
Granadillas;1160122;0;0;0;
Pi�a;1160123;0;0;0;
Papaya;1160124;0;0;0;
Papayuela;1160125;0;0;0;
Uvas (verdes y rojas);1160126;0;0;0;
Fresas;1160127;0;0;0;
Cocos;1160128;0;0;0;
Albaricoques;1160129;0;0;0;
Brevas;1160130;0;0;0;
Duraznos;1160131;0;0;0;
Chontaduros;1160132;0;0;0;
Ciruelas;1160133;0;0;0;
Aguacate;1160134;0;0;0;
Mangostino;1160135;0;0;0;
Kiwi;1160136;0;0;0;
Feijoa;1160137;0;0;0;
Higo;1160138;0;0;0;
Chirimoya;1160139;0;0;0;
Otras frutas frescas ;1160199;0;0;0;
Frutas congeladas o en pulpa;1160201;0;0;0;
Almendras y otras nueces (man�, cacahuete, pistacho, etc) para consumo en el hogar;1160301;0.19;0.19;0.19;
Frutas deshidratadas y cristalizadas: peras, uvas y ciruelas pasas, etc para consumo en el hogar;1160302;0.19;0.19;0.19;
Frutas en conserva: melocot�n, pi�a, brevas, lychees, etc. para consumo en el hogar;1160401;0.19;0.19;0.19;
Tomate;1170101;0;0;0;
Cebolla cabezona;1170102;0;0;0;
Cebolla larga o en rama (bermuda, junca);1170103;0;0;0;
Cebollin  ;1170104;0;0;0;
Zanahoria;1170105;0;0;0;
Remolacha;1170106;0;0;0;
Pepino Cohombro;1170107;0;0;0;
Piment�n;1170108;0;0;0;
Pepino para guisar o rellenar;1170109;0;0;0;
Nabos;1170110;0;0;0;
R�banos;1170111;0;0;0;
Ajos;1170112;0;0;0;
Aj�;1170113;0;0;0;
Lechuga;1170114;0;0;0;
Espinaca;1170115;0;0;0;
Acelga;1170116;0;0;0;
Repollo, Repollitas;1170117;0;0;0;
Coliflor;1170119;0;0;0;
Br�coli  ;1170120;0;0;0;
Coles (tallos);1170121;0;0;0;
Apio en rama;1170122;0;0;0;
Alcachofas ;1170123;0;0;0;
Esp�rragos ;1170124;0;0;0;
Ahuyama;1170125;0;0;0;
Calabaza;1170126;0;0;0;
Calabac�n;1170127;0;0;0;
Fr�jol verde en vaina ;1170128;0;0;0;
Fr�jol verde desgranado;1170129;0;0;0;
Arveja verde en vaina;1170130;0;0;0;
Arveja verde desgranada;1170131;0;0;0;
Habas verdes en vaina ;1170132;0;0;0;
Habas verdes desgranadas;1170133;0;0;0;
Habichuelas;1170134;0;0;0;
Mazorcas y ma�z dulce para consumo en el hogar;1170135;0;0;0;
Berenjenas;1170136;0;0;0;
Champi�ones y otros hongos comestibles para consumo en el hogar;1170137;0;0;0;
Verduras frescas amarradas (macitos de la costa atl�ntica);1170139;0;0;0;
Ensalada o Verduras picadas en bandeja, en bolsa o tarro (revuelto verde) para consumo en el hogar;1170140;0;0;0;
Otras verduras y leguminosas frescas: berros, chachafruto, algas comestibles, etc;1170199;0;0;0;
Fr�jol seco: bolaroja, cargamanto, guarzo, guandul, zaragoza, blanquillo, etc.;1170201;0;0;0;
Arveja seca;1170202;0;0;0;
Habas secas para consumo en el hogar;1170203;0;0;0;
Lentejas;1170204;0;0;0;
Garbanzos;1170205;0;0;0;
Verduras, hortalizas y legumbres enlatadas: arveja, fr�joles, ma�z, esp�rrago, zanahoria, habichuelas, ensalada;1170301;0;0;0;
Aceitunas, alcaparras, pepinillos y otros encurtidos en tarro;1170302;0;0;0;
Legumbres y hortalizas deshidratadas;1170303;0;0;0;
Pl�tano verde para consumo en el hogar;1170401;0;0;0;
Pl�tano maduro  para consumo en el hogar;1170402;0;0;0;
Colicero, guineo, mataburro;1170403;0;0;0;
Papa com�n: pastusa, tocarre�a, R12;1170501;0;0;0;
Papa criolla o amarilla;1170502;0;0;0;
Yuca para consumo en el hogar;1170601;0;0;0;
Arracacha;1170701;0;0;0;
�ame;1170801;0;0;0;
Ullucos, cubios, hibias, chuguas, rubas;1170901;0;0;0;
Papa, yuca y pl�tano precocidos ;1171101;0.19;0.19;0.19;
Harina de pl�tano, de yuca, de achiras, pur� de papas;1171102;0.05;0.05;0.05;
Otras ra�ces y tub�rculos: mafafa, achira, batata, etc;1179901;0;0;0;
Az�car refinada;1180101;0.05;0.05;0.05;
Az�car natural o morena;1180102;0.05;0.05;0.05;
Endulzantes diet�ticos: aspartame, fructosa, sucralosa, otras;1180103;0.05;0.05;0.05;
Panela cruda para consumo en el hogar;1180201;0;0;0;
Jaleas y mermeladas;1180301;0.19;0.19;0.19;
Compotas para consumo en el hogar;1180302;0.19;0.19;0.19;
Bocadillos para consumo en el hogar;1180303;0;0;0;
Arequipe para consumo en el hogar;1180304;0;0;0;
Herpos, tumes y otros dulces de arequipe y bocadillo para consumo en el hogar;1180305;0.19;0.19;0.19;
Gelatina de pata negra o blanca para consumo en el hogar;1180306;0.19;0.19;0.19;
Gelatinas, flanes y pudines,en vaso listos para el consumo en el hogar;1180307;0.19;0.19;0.19;
Miel de abejas, maple o arce, melazas y alm�bares;1180308;0;0;0;
Pasta de chocolate para ponqu�, cobertura de chocolate y crema de avellana y cacao (Nutella);1180401;0.19;0.19;0.19;
Dulces, confites, caramelos, bombones, chocolatinas, chicles, masmelos, cocadas para consumo en el hogar;1180501;0.19;0.19;0.19;
Helados, conos, paletas, vasitos, refrescos congelados y tortas heladas para consumo en el hogar;1180601;0.19;0.19;0.19;
Gelatinas, flanes y pudines en polvo para preparar;1180701;0.19;0.19;0.19;
Polvo para preparar helados;1180801;0.19;0.19;0.19;
Salsa de tomate;1190101;0.19;0.19;0.19;
Mayonesa;1190102;0.19;0.19;0.19;
Mostaza, salsa rosada;1190103;0.19;0.19;0.19;
Pasta de tomate;1190104;0.19;0.19;0.19;
Vinagre;1190106;0.19;0.19;0.19;
Otras salsas: salsa de soya, salsa china, salsa t�rtara, salsa de aj�, aj� picante, etc;1190199;0.19;0.19;0.19;
Sal  ;1190201;0;0;0;
Cominos;1190301;0.19;0.19;0.19;
Pimienta;1190302;0.19;0.19;0.19;
Laurel ;1190303;0.19;0.19;0.19;
Tomillo;1190304;0.19;0.19;0.19;
Color;1190305;0.19;0.19;0.19;
Ajo en polvo o en pasta, canela, clavos, nuez moscada;1190306;0.19;0.19;0.19;
Hierbas culinarias: perejil, cilantro, romero, or�gano, etc.;1190401;0.19;0.19;0.19;
"Sopas: de vegetales, de carne, de pollo, de pescado, cremas de sobre, sopas para beb� para consumo en el hogar
";1190501;0.19;0.19;0.19;
Caldos y consom�s concentrados (cubos y polvo) ;1190502;0.19;0.19;0.19;
Bases para preparar carnes y otros alimentos;1190503;0.19;0.19;0.19;
Frituras: papas fritas, chitos, maizitos, patacones, besitos, etc;1190601;0.19;0.19;0.19;
Levaduras y esencias (polvo para hornear);1190701;0.19;0.19;0.19;
Mercados sin especificar productos;1190901;;0;0.19;goods with different tax rates
Anchetas;1191001;;0;0.19;goods with different tax rates
Leche en polvo para lactantes;1191101;0;0;0;
Otros alimentos precocidos y preparados: ajiaco, lenteja, frijol, lechona enlatada y similares;1199901;0.19;0.19;0.19;
Caf� molido;1210101;0.05;0.05;0.05;
Caf� o crema instant�neo en polvo o granulado;1210102;0.05;0.05;0.05;
Caf� en grano;1210103;0.05;0.05;0.05;
Extractos y esencias de caf�;1210105;0.05;0.05;0.05;
Otras bebidas preparadas a base de caf�: capuchino, mocachino, caf� con leche, caf� en lata para consumo en el hogar;1210199;0.05;0.05;0.05;
Chocolate en pastillas (con y sin az�car);1210201;0.05;0.05;0.05;
Chocolate instant�neo en polvo o granulado;1210202;0.19;0.19;0.19;
Cocoa y chucula  ;1210203;0.19;0.19;0.19;
Polvo para preparar bebidas achocolatadas;1210204;0.19;0.19;0.19;
Bebidas achocolatadas listas para consumir;1210205;0.19;0.19;0.19;
T� en polvo (para preparar);1210301;0.19;0.19;0.19;
"Hierbas arom�ticas (secas y frescas), mate para consumo en el hogar
";1210302;0.19;0.19;0.19;
Agua mineral (con y sin gas) para consumo en el hogar;1220101;0;0;0;
Agua en lata o de carrotanque;1220201;0;0;0;
Hielo ;1220301;0;0;0;
Gaseosas para consumo en el hogar;1220401;0.128;0.128;0.128;
Maltas para consumo en el hogar;1220501;0.128;0.128;0.128;
Refrescos l�quidos empacados (jugos, t� fr�os y bebidas hidratantes) para consumo en el hogar;1220601;0.128;0.128;0.128;
Concentrados para preparar refrescos;1220701;0.19;0.19;0.19;
Bebidas energizantes (a base de glucosa, guaran�, cafe�na, entre otros) para consumo en el hogar;1220801;0.128;0.128;0.128;
Bebidas a base de arroz, soya, coco, quinua, almendra, etc (horchata, yogurt vegetariano) para consumo en el hogar;1220901;0.128;0.128;0.128;
Aguardiente para consumo en el hogar;2110101;0.05;0.05;0.05;
Ron para consumo en el hogar;2110201;0.05;0.05;0.05;
Whisky, brandy, vodka, ginebra, cognac, tequila y similares para consumo en el hogar;2110301;0.05;0.05;0.05;
Cremas de licor (de amareto, de whisky, etc.), sabaj�n y ponche crema para consumo en el hogar;2110401;0.05;0.05;0.05;
Otras bebidas alcoh�licas: aperitivos que no sean a base de vino, mezclas de cocteles para consumo en el hogar;2119901;0.05;0.05;0.05;
"Vino, champa�a, jerez y aperitivos a base de vino para consumo en el hogar
";2120101;0.05;0.05;0.05;
Cerveza nacional e importada para consumo en el hogar;2130101;0.128;0.128;0.128;
"Refajo preparado (embotellado o enlatado) para consumo en el hogar
";2130102;0.128;0.128;0.128;
Cigarrillos con filtro;2200101;0.19;0.19;0.19;
Cigarrillos sin filtro;2200102;0.19;0.19;0.19;
Tabacos y picadura para pipa o para armar cigarrillos;2200103;0.19;0.19;0.19;
Estupefacientes: coca�na, �xtasis, hero�na, marihuana, bazuco, crack, etc.;2300101;0;0;0;special goods
Telas y materiales (fibras naturales o sinteticas) para la confecci�n de ropa de hombre, mujer, ni�o, ni�a y beb� ;3110101;0.19;0.19;0.19;
Camisas para hombre;3120101;0.19;0.19;0.19;
Camisetas, franelas, esqueletos, polos para hombre;3120102;0.19;0.19;0.19;
Calzoncillos, pantaloncillos, boxer para hombre;3120103;0.19;0.19;0.19;
Medias y calcetines para hombre;3120104;0.19;0.19;0.19;
Pantalones para hombre;3120105;0.19;0.19;0.19;
Jeans para hombre;3120106;0.19;0.19;0.19;
Bermudas, pantalonetas y pantal�n corto para hombre;3120107;0.19;0.19;0.19;
Vestido completo (s�lo pantal�n, chaqueta y/o chaleco) para hombre;3120108;0.19;0.19;0.19;
Blazers, chaquetas, chaquetones, chompas y sacos de sport en pa�o, cuero, gamuza y otros materiales para hombre;3120109;0.19;0.19;0.19;
Buzos, chalecos, sacos de lana y similares para hombre;3120110;0.19;0.19;0.19;
Gabardinas, gabanes, abrigos y sobretodos para hombre;3120111;0.19;0.19;0.19;
Capas e impermeables para hombre;3120112;0.19;0.19;0.19;
Sudaderas, trusas y bicicleteros para hombre;3120113;0.19;0.19;0.19;
Pantalonetas de ba�o para hombre;3120114;0.19;0.19;0.19;
Pijamas y batas para hombre;3120115;0.19;0.19;0.19;
Otros art�culos de vestir para hombre (depotivos y formales);3120199;0.19;0.19;0.19;
Blusas y camisas para mujer;3120201;0.19;0.19;0.19;
Camisetas, franelas y bodies para mujer;3120202;0.19;0.19;0.19;
Pantalones, slacks y leggins ;3120203;0.19;0.19;0.19;
Shorts, bermudas y pantalonetas para mujer;3120204;0.19;0.19;0.19;
Jeans para mujer;3120205;0.19;0.19;0.19;
Faldas para mujer;3120206;0.19;0.19;0.19;
Brassieres, tops y sostenes para mujer;3120207;0.19;0.19;0.19;
Pantys (interiores) para mujer;3120208;0.19;0.19;0.19;
Media de lana y otros materiales diferente a velada para mujer;3120209;0.19;0.19;0.19;
Medias veladas para mujer;3120210;0.19;0.19;0.19;
Enaguas, fondos y combinaciones para mujer;3120211;0.19;0.19;0.19;
Vestidos confeccionados para mujer;3120212;0.19;0.19;0.19;
Buzos, chalecos, sacos de lana y similares, sacos de sport en cuero, pa�o, gamuza y otros materiales;3120213;0.19;0.19;0.19;
Blazers, chaquetas, chaquetones y sacos de sport en pa�o, cuero, gamuza y otros materiales para mujer;3120214;0.19;0.19;0.19;
Gabardinas, gabanes, abrigos y sobretodos para mujer;3120215;0.19;0.19;0.19;
Capas e impermeables para mujer;3120216;0.19;0.19;0.19;
Sudaderas, trusas y bicicleteros para mujer;3120217;0.19;0.19;0.19;
Trajes de ba�o para mujer;3120218;0.19;0.19;0.19;
Pijamas y batas para mujer;3120219;0.19;0.19;0.19;
Otros art�culos de vestir para mujer (deportivos y formales) ;3120299;0.19;0.19;0.19;
Camisas para ni�o;3120301;0.19;0.19;0.19;
Camisetas, franelas, esqueletos, polos para ni�o;3120302;0.19;0.19;0.19;
Calzoncillos, pantaloncillos, boxer para ni�o;3120303;0.19;0.19;0.19;
Medias y calcetines para ni�o;3120304;0.19;0.19;0.19;
Pantalones para ni�o;3120305;0.19;0.19;0.19;
Jeans para ni�o;3120306;0.19;0.19;0.19;
Bermudas, pantalonetas y pantal�n corto para ni�o;3120307;0.19;0.19;0.19;
Vestido completo (s�lo pantal�n, chaqueta y/o chaleco) para ni�o;3120308;0.19;0.19;0.19;
Blazers, chaquetas, chompas y sacos de sport en pa�o, cuero, gamuza y otros materiales para ni�o;3120309;0.19;0.19;0.19;
Buzos, chalecos, sacos de lana y similares para ni�o;3120310;0.19;0.19;0.19;
Gabardinas, gabanes, abrigos y sobretodo para ni�o;3120311;0.19;0.19;0.19;
Capas e impermeables para ni�o;3120312;0.19;0.19;0.19;
Sudaderas, trusas y bicicleteros para ni�o;3120313;0.19;0.19;0.19;
Pantalonetas de ba�o para ni�o;3120314;0.19;0.19;0.19;
Pijamas y batas para ni�o;3120315;0.19;0.19;0.19;
Otros art�culos de vestir para ni�o (deportivos y formales);3120399;0.19;0.19;0.19;
Blusas y camisas para ni�a;3120401;0.19;0.19;0.19;
Camisetas, franelas y bodies para ni�a;3120402;0.19;0.19;0.19;
Pantalones, slacks y leggins para ni�a;3120403;0.19;0.19;0.19;
Shorts, bermudas y pantalonetas para ni�a;3120404;0.19;0.19;0.19;
Jeans para ni�a;3120405;0.19;0.19;0.19;
Faldas para ni�a;3120406;0.19;0.19;0.19;
Vestidos confeccionados para ni�a;3120407;0.19;0.19;0.19;
Enaguas, fondos, combinaciones para ni�a;3120408;0.19;0.19;0.19;
Pantys (interiores) para ni�a;3120409;0.19;0.19;0.19;
Brassieres, sostenes, tops  y acostumbradores para ni�a;3120410;0.19;0.19;0.19;
Media tobillera, media pantal�n, media media (velada, de lana y otros materiales) para ni�a;3120411;0.19;0.19;0.19;
Buzos, chalecos, sacos de lana y similares para ni�a;3120412;0.19;0.19;0.19;
Blazers, chaquetas, chaquetones y sacos de sport en pa�o, cuero, gamuza y otros materiales para ni�a;3120413;0.19;0.19;0.19;
Gabardinas, gabanes, abrigos y sobretodos para ni�a;3120414;0.19;0.19;0.19;
Capas e impermeables para ni�a;3120415;0.19;0.19;0.19;
Sudaderas, trusas y bicicleteros para ni�a;3120416;0.19;0.19;0.19;
Traje de ba�o para ni�a;3120417;0.19;0.19;0.19;
Pijamas y batas para ni�a;3120418;0.19;0.19;0.19;
Otros art�culos de vestir para ni�a (deportivos y formales);3120499;0.19;0.19;0.19;
Camisas, franelas para beb�;3120501;0.19;0.19;0.19;
Vestidos confeccionados, mamelucos, etc. para beb�;3120502;0.19;0.19;0.19;
Escarpines, patines, mitones, zapatos de tela, medias, gorritos y bufandas para beb�;3120503;0.19;0.19;0.19;
Pijamas y talegos de dormir para beb�;3120504;0.19;0.19;0.19;
Buzos, ruanas, sacos de lana y similares para beb�;3120505;0.19;0.19;0.19;
Pa�ales de tela para beb�;3120506;0.19;0.19;0.19;
Pantalones de tela, pl�stico, caucho y similares para beb�;3120507;0.19;0.19;0.19;
Fajeros y cambiadores ;3120508;0.19;0.19;0.19;
Otros art�culos de vestir para beb�;3120599;0.19;0.19;0.19;
Uniformes (diario, gala, deportes);3120601;0.19;0.19;0.19;
Corbatas y corbatines para hombre;3139701;0.19;0.19;0.19;
Correas, tirantas y calzonarias para hombre;3139702;0.19;0.19;0.19;
Pa�uelos y pa�oletas para hombre;3139703;0.19;0.19;0.19;
Ruanas y ponchos para hombre;3139704;0.19;0.19;0.19;
Bufandas, pashiminas y guantes para hombre;3139705;0.19;0.19;0.19;
Sombreros, gorros, cachuchas, boinas, viseras para hombre;3139706;0.19;0.19;0.19;
Pa�uelos y pa�oletas para mujer;3139801;0.19;0.19;0.19;
Cinturones y tirantas para mujer;3139802;0.19;0.19;0.19;
Ruanas, chales, pa�olones y ponchos para mujer;3139803;0.19;0.19;0.19;
Bufandas, pashminas y guantes para mujer;3139804;0.19;0.19;0.19;
Sombreros, gorros, cachuchas, boinas, viseras para mujer;3139805;0.19;0.19;0.19;
"Guantes de jardiner�a o de trabajo en material diferente a caucho (nylon, lycra, hilo, mitrillo, etc.); careta, tapones de oidos, lentes de seguridad.";3139901;0.19;0.19;0.19;
Cascos protectores para ciclista y motociclista;3139902;0.19;0.19;0.19;
Hilos, cremalleras, botones, metro de costura, hombreras, encajes, broches, ganchos para ropa, hebillas, cordones y caucho para ropa  cintas, ribetes;3139903;0.19;0.19;0.19;
Baberos, broches y ganchos para beb�;3139904;0.19;0.19;0.19;
Madejas de lana y otros materiales para coser, tejer y bordar;3139905;0.19;0.19;0.19;
Confecci�n y reparaci�n de prendas de vestir en general (hombre, mujer, ni�os, ni�as, beb�s) ;3140101;0.19;0.19;0.19;
Te�ido de prendas de vestir  ;3140102;0.19;0.19;0.19;
Lavado y planchado de ropa fuera del hogar (en lavander�a, otro hogar u establecimiento);3140201;0.19;0.19;0.19;
Alquiler de prendas de vestir en general (hombre mujer, ni�os, ni�as y beb�s);3140301;0.19;0.19;0.19;
Zapatos en cuero, caucho, goma y similares para hombre;3210101;0.19;0.19;0.19;
Botas en cuero, caucho, goma y similares para hombre;3210102;0.19;0.19;0.19;
Tenis, zapatillas y otros zapatos deportivos para hombre (excluyendo zapatos para deportes espec�ficos equipados con cuchillas, ruedas, clavos, tacos, taches);3210103;0.19;0.19;0.19;
Pantuflas, sandalias, abuelitas, chanclas, cotizas y alpargatas para hombre;3210104;0.19;0.19;0.19;
Calzado plano en cuero, caucho, goma y similares para mujer;3210201;0.19;0.19;0.19;
Calzado de tac�n en cuero, caucho, goma y similares para mujer;3210202;0.19;0.19;0.19;
Botas en cuero, caucho, goma y similares para mujer;3210203;0.19;0.19;0.19;
Tenis, zapatillas y otros zapatos deportivos para mujer (excluyendo zapatos para deportes espec�ficos equipados con cuchillas, ruedas, clavos, tacos, taches);3210204;0.19;0.19;0.19;
Pantuflas, sandalias, abuelitas, chanclas, cotizas y alpargatas para mujer;3210205;0.19;0.19;0.19;
Zapatos en cuero, caucho, goma y similares para ni�o;3210301;0.19;0.19;0.19;
Botas en cuero, caucho, goma y similares para ni�o;3210302;0.19;0.19;0.19;
Tenis, zapatillas y otros zapatos deportivos para ni�o (excluyendo zapatos para deportes espec�ficos equipados con cuchillas, ruedas, clavos, tacos, taches);3210303;0.19;0.19;0.19;
Pantuflas, sandalias, abuelitas, chanclas, cotizas y alpargatas para ni�o;3210304;0.19;0.19;0.19;
Calzado plano en cuero, caucho, goma y similares para ni�a;3210401;0.19;0.19;0.19;
Calzado de tac�n en cuero, caucho, goma y similares para ni�a;3210402;0.19;0.19;0.19;
Botas en cuero, caucho, goma y similares para ni�a;3210403;0.19;0.19;0.19;
Tenis, zapatillas y otros zapatos deportivos para ni�a (excluyendo zapatos para deportes espec�ficos equipados con cuchillas, ruedas, clavos, tacos, taches);3210404;0.19;0.19;0.19;
Pantuflas, sandalias, abuelitas, chanclas, cotizas y alpargatas para ni�a;3210405;0.19;0.19;0.19;
Calzado para beb�: zapatos, botas y tenis  ;3210501;0.19;0.19;0.19;
Accesorios para calzado: Plantillas, hormas, adaptadores para calzado y calzadores;3210601;0.19;0.19;0.19;
Lustrado y limpieza de zapatos ;3220101;0.19;0.19;0.19;
Reparaci�n de calzado: remonta, tapas, costuras, etc;3220201;0.19;0.19;0.19;
Alquiler de calzado diferente al calzado para deporte y recreaci�n;3220301;0.19;0.19;0.19;
Arriendo de la vivienda donde reside ;4110101;0;0;0;
"Arriendo por viviendas para uso del hogar diferentes a la que habita, (no incluye  los servicios de alojamiento ofrecidos por aldeas y centros de vacaciones)
";4120101;0;0;0;
Estimaci�n del arriendo imputado de la vivienda propia ;4210101;0;0;0;
Arriendos imputados por alquiler reducido o alojamiento gratuito o en usufructo;4229902;0;0;0;
Arriendos imputados por vivienda dada como salario en especie;4229903;0;0;0;
Pinturas y barnices para vivienda      ;4310101;0.19;0.19;0.19;
Recubrimientos para paredes (papel de colgadura, textiles, fibra de vidrio, piedra decorativa, etc.);4310102;0.19;0.19;0.19;
Baldosas, porcelanato,celos�as, m�rmoles, cer�micas, vinilos, cenefas de enchape (para interiores y para ba�o y cocina);4310103;0.19;0.19;0.19;
Vidrier�a para puertas y ventanas;4310104;0.19;0.19;0.19;
Yeso, cemento, masilla, pegantes, siliconas;4310105;0.19;0.19;0.19;
Tubos para el agua, grifos, codos, sifones, etc.;4310106;0.19;0.19;0.19;
Maderas pulidas y lacadas, parqu�, maderas burdas, tablas, tablones ;4310107;0.19;0.19;0.19;
Puertas y ventanas (incluye corredizas y tipo cancel);4310108;0.19;0.19;0.19;
Otros materiales para la conservaci�n y la reparaci�n de la vivienda: tejas, cielo raso, drywall, canaletas, tanque de agua, etc;4310199;0.19;0.19;0.19;
Mantenimiento y reparaci�n de aire acondicionado y calefacci�n;4320101;0.19;0.19;0.19;
Mantenimiento y reparaci�n de ca�er�as de agua y ductos e instalaciones de gas;4320201;0.19;0.19;0.19;
Mantenimiento y reparaci�n de redes el�ctricas y telef�nicas;4320401;0.19;0.19;0.19;
Mantenimiento y reparaci�n de techos, paredes y pisos;4320501;0.19;0.19;0.19;
Limpieza de exteriores  de la vivienda;4320601;0.19;0.19;0.19;
Adoquinado y revestimiento menores de suelos de la vivienda;4320701;0.19;0.19;0.19;
Otros servicios para el mantenimiento y reparaci�n de la vivienda: cerrajer�a, pintura, enchape, carpinter�a, ebanister�a, decoraci�n, etc.;4329901;0.19;0.19;0.19;
Instalaci�n, conexi�n, contador de agua;4410101;0.19;0.19;0.19;
Servicio de acueducto;4410102;0;0;0;
Reconexi�n del servicio de acueducto;4410103;0.19;0.19;0.19;
Servicio p�blico de recolecci�n de basuras y aseo;4420101;0;0;0;
Pagos a recogedor de basuras y desechos;4420102;0;0;0;
Instalaci�n o conexi�n al servicio de alcantarillado  ;4430101;0.19;0.19;0.19;
Servicio de alcantarillado;4430102;0;0;0;
Cuotas de administraci�n de la vivienda para uso del hogar;4440101;0;0;0;
Cuotas extraordinarias de administraci�n;4440102;0;0;0;
Celadur�a comunal;4440103;0.19;0.19;0.19;
Mantenimiento y reparaci�n de ductos de ascensor;4440104;0.19;0.19;0.19;
Gastos de conservaci�n en jardiner�a;4440201;0.19;0.19;0.19;
Instalaci�n, conexi�n y contador del servicio de energ�a el�ctrica;4510101;0.19;0.19;0.19;
Servicio de energ�a el�ctrica;4510102;0;0;0;
Reconexi�n del servicio de energ�a el�ctrica;4510103;0.19;0.19;0.19;
Servicio de alumbrado p�blico;4510104;0.19;0.19;0.19;
Compra de gas propano en pipeta o cilindro;4520101;0;0;0;
Instalaci�n, conexi�n y contador del servicio de gas natural  ;4520201;0.19;0.19;0.19;
Servicio de gas natural por tuber�a;4520202;0;0;0;
Reconexi�n del servicio de gas natural;4520203;0.19;0.19;0.19;
Combustibles l�quidos para cocinar: gasolina, kerosene, petr�leo, alcohol, etc.  ;4530101;0.19;0.19;0.19;
Combustibles s�lidos para cocinar: le�a, carb�n vegetal, carb�n mineral, etc.;4540101;0;0;0;goods with different tax rates. Tentative VAT presented.
Cama sencilla ;5110101;0.19;0.19;0.19;
"Cama semidoble, doble, king size, base cama y cama nido
";5110102;0.19;0.19;0.19;
Cunas y corral para beb�;5110103;0.19;0.19;0.19;
Juego completo de muebles de alcoba;5110104;0.19;0.19;0.19;
Juego completo de muebles de sala;5110105;0.19;0.19;0.19;
Juego completo de muebles de comedor;5110106;0.19;0.19;0.19;
Gabinetes de ba�o;5110107;0.19;0.19;0.19;
Cocina integral;5110108;0.19;0.19;0.19;
Muebles y gabinetes para cocina;5110109;0.19;0.19;0.19;
Escritorios y mesas de dibujo;5110110;0.19;0.19;0.19;
Muebles para computador o centros de entretenimiento;5110111;0.19;0.19;0.19;
Colchones, somiers y colchonetas ;5110112;0.19;0.19;0.19;
Bases para colch�n, catres, camarotes, literas;5110113;0.19;0.19;0.19;
Sillas, sillones, sof�s, sofacamas;5110114;0.19;0.19;0.19;
Asientos como: mecedoras, butacos, bancas, asientos inflables y puff, etc;5110115;0.19;0.19;0.19;
"Armarios, cl�sets, c�modas, chifoniers, escaparates, organizadores, roperos, baules, entrepa�os, repisas, etc.
";5110116;0.19;0.19;0.19;
Bibliotecas y muebles modulares;5110117;0.19;0.19;0.19;
Mesas de noche, mesas de centro, mesas auxiliares, mesa de bar y cava;5110119;0.19;0.19;0.19;
"Otros muebles para el hogar como: biff�, tocadores, vitrinas, archivadores, biombos, parasol, tabique plegable etc.
";5110198;0.19;0.19;0.19;
Otros accesorios para el hogar: accesorios para ba�o, cocina, etc.;5110199;0.19;0.19;0.19;
L�mparas de techo o de pie, reflectores, poste solar led, l�mpara solar exterior y farol colgante o de pie.;5110201;0.19;0.19;0.19;
L�mparas o pantallas de mesa;5110202;0.19;0.19;0.19;
Velas, veladoras, velones ;5110203;0.19;0.19;0.19;
Candeleros y candelabros;5110204;0.19;0.19;0.19;
Cuadros y pinturas de arte;5110301;0.19;0.19;0.19;
Reproducciones de cuadros y pinturas;5110302;0.19;0.19;0.19;
Dibujos, grabados, tapices;5110303;0.19;0.19;0.19;
Estatuillas, esculturas, porcelanas y objetos de decoraci�n en cualquier material;5110304;0.19;0.19;0.19;
Otros objetos art�sticos;5110399;0.19;0.19;0.19;
Espejos, porta retratos y percheros;5119901;0.19;0.19;0.19;
Persianas de materiales diferentes a tela, blackout;5119902;0.19;0.19;0.19;
Alfombras y tapetes fijos y sueltos;5120101;0.19;0.19;0.19;
Reparaci�n de muebles, accesorios y materiales para pisos;5130101;0.19;0.19;0.19;
"Restauraci�n de obras de arte y de muebles antiguos del hogar
";5130201;0.19;0.19;0.19;
Telas para confeccionar ropa de cama, manteles, cortinas y forros para muebles;5200101;0.19;0.19;0.19;
Juego completo de s�banas, sobres�banas y fundas ;5200201;0.19;0.19;0.19;
S�banas, sobresabanas, protectores de colch�n y fundas sueltas;5200202;0.19;0.19;0.19;
Cubrelechos, cubrecamas, colchas para cama, etc.;5200203;0.19;0.19;0.19;
Cobijas y mantas para adulto;5200204;0.19;0.19;0.19;
Cobijas, mantas y cobertores para beb�;5200205;0.19;0.19;0.19;
Almohadas, cojines, almohadones;5200206;0.19;0.19;0.19;
Hamacas, chinchorros, toldillos, mosquiteros;5200207;0.19;0.19;0.19;
Ropa de mesa: manteles, caminos de mesa, individuales y servilletas de tela para comedor;5200301;0.19;0.19;0.19;
Toallas de tela para ba�o;5200401;0.19;0.19;0.19;
Juego de lencer�a para ba�o;5200402;0.19;0.19;0.19;
Cortinas para ba�o;5200403;0.19;0.19;0.19;
Gastos por confecci�n y reparaci�n de productos textiles para el hogar;5200601;0.19;0.19;0.19;
Cortinas confeccionadas y cenefas para cortinas ;5209901;0.19;0.19;0.19;
Lanas y telas para tejidos y decoraci�n del hogar;5209902;0.19;0.19;0.19;
Talegos, sacos o lonas para ropa en tela;5209903;0.19;0.19;0.19;
Banderas y escudos en general;5209904;0.19;0.19;0.19;
Piedecamas, esteras y esterillas;5209905;0.19;0.19;0.19;
Forros para muebles y electrodom�sticos ;5209906;0.19;0.19;0.19;
Neveras, refrigeradores y congeladores;5310101;0.19;0.19;0.19;See enph.org for a recipe. Here is the earlier comment:VAT of 5% depending on value (30 uvt (unidad de valor tributario), aprox. $955800 COP), estrato (<=3),other conditions (the household has to give back an old fridge at the moment of purchase) as per article 468.1 of tax code
Lavadora y secadora de ropa;5310201;0.19;0.19;0.19;
Lavadora de platos;5310202;0.19;0.19;0.19;
Estufa a gas;5310301;0.19;0.19;0.19;
Estufa el�ctrica;5310302;0.19;0.19;0.19;
Estufa mixta (el�ctrica y a gas);5310303;0.19;0.19;0.19;
Campana extractora para la estufa;5310304;0.19;0.19;0.19;
Estufa de carb�n o le�a, a gasolina o petr�leo ;5310305;0.19;0.19;0.19;
Hornos el�ctricos y hornos de gas ;5310306;0.19;0.19;0.19;
Hornos microondas;5310307;0.19;0.19;0.19;
Pipetas o cilindros de gas (envase sin incluir el gas);5310308;0.19;0.19;0.19;
Asadores no el�ctricos (para BBQ, carb�n, le�a, a gas, etc.);5310309;0.19;0.19;0.19;
Calentadores el�ctricos;5310501;0.19;0.19;0.19;
Calentador de gas;5310502;0.19;0.19;0.19;
Aire acondicionado, purificadores de agua o aire;5310601;0.19;0.19;0.19;
Ventiladores o abanicos fijos;5310602;0.19;0.19;0.19;
Aspiradora, brilladora, lavatapetes e hidrolavadora;5310701;0.19;0.19;0.19;
M�quinas de coser, tejer, fileteadoras y telares;5310801;0.19;0.19;0.19;
Otros aparatos grandes del hogar: trituradoras de desperdicios, cajas fuertes, tinas, hidromasajes y piscinas spa.;5319901;0.19;0.19;0.19;
Plancha el�ctrica para ropa;5320101;0.19;0.19;0.19;
Licuadora, picadora y ayudante de cocina el�ctrico y procesador de alimentos;5320102;0.19;0.19;0.19;
Batidora, mezcladora el�ctrica ;5320103;0.19;0.19;0.19;
Sanducheras, wafleras, tostadoras el�ctricas;5320104;0.19;0.19;0.19;
Extractor de zumos y exprimidor el�ctricos;5320105;0.19;0.19;0.19;
Cafeteras el�ctricas, teteras el�ctricas;5320106;0.19;0.19;0.19;
Ollas arroceras, freidoras el�ctricas y fondue;5320107;0.19;0.19;0.19;
Cuchillos, afila cuchillos y abrelatas (incluye el�ctricos);5320108;0.19;0.19;0.19;
Encendedores el�ctricos y no el�ctricos para estufa;5320109;0.19;0.19;0.19;
Ventiladores o abanicos movibles;5320110;0.19;0.19;0.19;
Duchas el�ctricas;5320111;0.19;0.19;0.19;
Asadores el�ctricos para carne (raclette);5320112;0.19;0.19;0.19;
Extractor el�ctrico de olores;5320114;0.19;0.19;0.19;
Portacomidas el�ctrico;5320116;0.19;0.19;0.19;
Esterilizadores o calentadores  de teteros;5320117;0.19;0.19;0.19;
Otros aparatos el�ctricos para el hogar: crispetera, m�quina para helados, hornos tostadores;5320199;0.19;0.19;0.19;
Repuestos para aparatos dom�sticos;5330101;0.19;0.19;0.19;
Reparaci�n de aparatos y utensilios dom�sticos;5330102;0.19;0.19;0.19;
Alquiler de artefactos o aparatos dom�sticos (lavadoras, computadores, etc);5330103;0.19;0.19;0.19;
Vajilla completa, juego de t� o caf� y otros juegos completos (vaso, jarra, copas);5400101;0.19;0.19;0.19;
Platos, pocillos, tazas, mugs;5400102;0.19;0.19;0.19;
Vasos, copas, jarras;5400103;0.19;0.19;0.19;
Bandejas, ensaladeras, soperas, dulceras, queseras, salseras, paneras.;5400104;0.19;0.19;0.19;
Refractarias, jarras especiales (a fuego directo, filtro purificador);5400105;0.19;0.19;0.19;
Otros art�culos de vidrio, cristal, porcelana, cer�mica;5400199;0.19;0.19;0.19;
Juego completo de cubiertos de mesa y cocina;5400201;0.19;0.19;0.19;
Cucharas, cucharitas, tenedores, cuchillos, cucharones, tijeras de cocina  ;5400202;0.19;0.19;0.19;
Ollas, cacerolas, cazuelas y sartenes de aluminio, esmaltadas, tefl�n, etc.;5400301;0.19;0.19;0.19;
Ollas a presi�n;5400302;0.19;0.19;0.19;
Planchas para asar y parrillas;5400303;0.19;0.19;0.19;
Molinillos, coladeras, coladores, pinzas para hielo, abrelatas y sacacorchos manuales, piedras de afilar, moldes met�licos;5400304;0.19;0.19;0.19;
Cafeteras y teteras no el�ctricas, dispensadores (agua y licor);5400305;0.19;0.19;0.19;
Molinos, ralladores, trituradores de ajo, picadoras y exprimidores de jugo de tipo manual;5400306;0.19;0.19;0.19;
Corta huevos, pela papas, rebanador de quesos, cortador de pizza;5400307;0.19;0.19;0.19;
Tablas para picar, mortero y mazo, escurridor de aceite;5400308;0.19;0.19;0.19;
Set de mesa para vinagre y aceite, servilletero, especiero;5400309;0.19;0.19;0.19;
Termo, botella de aluminio, coctelera, hielera, vaso mezclador;5400310;0.19;0.19;0.19;
Reverberos, cocinas de alcohol y cocinetas;5400311;0.19;0.19;0.19;
Biberones o teteros;5400314;0.19;0.19;0.19;
Accesorios para utensilios de cocina y menaje no el�ctrico (cauchos, pitos, identificadores de cubiertos o de bebida, porta ollas, etc.);5400315;0.19;0.19;0.19;
Otros utensilios de cocina y menaje no el�ctricos del hogar (centrifugador de verduras, escurridor de loza, recipientes y loncheras para guardar comida, set para reposteria, etc.);5400399;0.19;0.19;0.19;
Reparaci�n de cristaler�a, vajilla y utensilios del hogar;5400501;0.19;0.19;0.19;
Mesa de planchar;5409901;0.19;0.19;0.19;
Ceniceros, floreros;5409903;0.19;0.19;0.19;
Platones, baldes, embudos y poncheras;5409904;0.19;0.19;0.19;
Canecas y papeleras para la basura;5409905;0.19;0.19;0.19;
Cestas y recipientes para la ropa de materiales diferentes a tela;5409906;0.19;0.19;0.19;
Vasenilla, micas o patos m�dicos;5409907;0.19;0.19;0.19;
"Taladros, soldadoras, sierras, pulidoras y cizallas el�ctricas para uso del hogar
";5510101;0.19;0.19;0.19;
"Podadoras, cortadoras de c�sped y guada�adoras el�ctricas o motorizadas y tractores el�ctricos para jard�n para uso del hogar
";5510102;0;0;0;
Compra e instalaci�n de bombas el�ctricas de agua, generador de energ�a o planta el�ctrica de mediana potencia para uso del hogar;5510103;0.19;0.19;0.19;
Otras herramientas y equipos el�ctricos grandes para uso del hogar ;5510199;0.19;0.19;0.19;
"Reparaci�n de herramientas y equipos grandes para uso del hogar  ( Herramientas y equipo motorizados, como taladros, sierras, pulidoras y cortadoras el�ctricos, tractores para jard�n, cortadoras de c�sped, cultivadores, sierras de cadena y bombas de agua.)
";5510201;0.19;0.19;0.19;
"Alquiler de maquinaria y equipo grande ( Herramientas y equipo motorizados, como taladros, sierras, pulidoras y cortadoras el�ctricos, tractores para jard�n, cortadoras de c�sped, cultivadores, sierras de cadena y bombas de agua.)

";5510301;0.19;0.19;0.19;
Hombresolos, alicates, tenazas, martillos, destornilladores, punzones, serruchos, limas para herramientas, escofinas, cizallas manuales, punteros, cinceles, palustres, etc.;5520101;0.19;0.19;0.19;
Llaves de tuercas, llaves inglesas, llaves bristol.;5520102;0.19;0.19;0.19;
Cintas m�tricas: metro, dec�metro, niveles, etc.;5520103;0.19;0.19;0.19;
Otras herramientas del hogar: escaleras, bombas de agua no el�ctricas, etc.;5520199;0.19;0.19;0.19;
Herramientas de jard�n: Carretillas, mangueras, lanzachorro, palas, azadones, pica,  estacas;5520201;0.19;0.19;0.19;
Bombillos incandescentes, tubos fluorescentes, larga vida, hal�genos, de ne�n, LED y de tungsteno.;5520301;0.19;0.19;0.19;
Enchufes, interruptores, dimmers, cables el�ctricos, rosetas, cinta aislante y de tefl�n,  timbres, alarmas, estabilizadores;5520302;0.19;0.19;0.19;
Pilas y bater�as recargables y no recargables para uso general;5520303;0.19;0.19;0.19;
Linternas y l�mparas de mano;5520304;0.19;0.19;0.19;
Otros accesorios el�ctricos peque�os (timers);5520399;0.19;0.19;0.19;
Accesorios para puertas, ventanas y sillas: Bisagras, manijas, cerraduras, candados, conteras, topes, burletes, etc.;5520401;0.19;0.19;0.19;
Reparaci�n de herramientas peque�as y accesorios diversos del hogar y del jard�n;5520601;0.19;0.19;0.19;
Otros art�culos de metal, madera, pl�stico para el hogar: rieles, varillas, tubos para cortina, ganchos para cortina, guardaescobas, perfiles y esquineros etc.;5529901;0.19;0.19;0.19;
Jab�n en barra para lavar ropa;5610101;0.19;0.19;0.19;
Jab�n de cocina;5610102;0.19;0.19;0.19;
Detergente en polvo;5610104;0.19;0.19;0.19;
Detergente l�quido;5610105;0.19;0.19;0.19;
Blanqueadores;5610106;0.19;0.19;0.19;
Suavizantes;5610107;0.19;0.19;0.19;
Quitamanchas, polvo limpiador y champ� para alfombras;5610108;0.19;0.19;0.19;
"L�quidos y desinfectantes para limpiar muebles, vidrios, hornos, estufas, paredes, ba�os, pisos
";5610109;0.19;0.19;0.19;
"Ambientadores y desodorantes ambientales (velas aromatizadas, pastillas, aceites, geles, incienso, esencias naturales o florales para aromatizar ambientes)
";5610110;0.19;0.19;0.19;
Cera para pisos y selladores;5610111;0.19;0.19;0.19;
Insecticidas, fungicidas (enchufe, spray, etc), trampa y venenos para roedores;5610112;0;0;0;
Otros productos de limpieza y mantenimiento: almidones para camisas, alcanfor, naftalina, disolventes, destapaca�er�as.;5610199;0.19;0.19;0.19;
Escobas, recogedores de basura, escobillas, plumeros limpiapolvos, trapeadores, chupa, destapaca�er�as mec�nico y cepillos (para paredes, ba�os, ropa, veh�culo y calzado);5610201;0.19;0.19;0.19;
Guantes de caucho  ;5610202;0.19;0.19;0.19;
Esponjas, esponjillas y estropajos;5610203;0.19;0.19;0.19;
"Limpiones, cogeollas, pa�os de tela para limpiar (bayetilla, de microfibra) y delantales para cocina
";5610204;0.19;0.19;0.19;
Otros elementos de aseo (antihumedad, antiacaros, antiolores);5610299;0.19;0.19;0.19;
Cuerdas, cordeles, mechas para l�mpara, tendederos y pinzas para ropa, perchas de tornillo y ganchos adhesivos;5619901;0.19;0.19;0.19;
Agujas (para coser, tejer), alfileres;5619902;0.19;0.19;0.19;
Tijeras para costura, abreojales, desbaratadores, dedales;5619903;0.19;0.19;0.19;
F�sforos y encendedores desechables;5619905;0.19;0.19;0.19;
Bet�n, pomadas, tintes, cremas y espumas siliconadas para calzado;5619906;0.19;0.19;0.19;
Barnices, lacas y tintes para accesorios del hogar ;5619907;0.19;0.19;0.19;
Anilinas y tintes para prendas de vestir;5619908;0.19;0.19;0.19;
Art�culos de ferreter�a: puntillas, clavos, tornillos, tuercas, brocas, brochas, pinceles, lijas y otros.;5610401;0.19;0.19;0.19;
Papel de aluminio, parafinado, vinilpel, moldes de aluminio, filtros de papel para cafetera;5610501;0.19;0.19;0.19;
Rollos o pa�os de papel (absordente, h�medos) para cocina;5610502;0.19;0.19;0.19;
Productos desechables: servilletas,  manteles, platos, vasos, cubiertos, palillos;5610503;0.19;0.19;0.19;
Bolsas pl�sticas para basura y para aspiradora   ;5610505;0.19;0.19;0.19;
Otros productos desechables:  pitillos, palos de pincho, etc;5610599;0.19;0.19;0.19;
Empleado(a) dom�stico interno ;5620101;0;0;0;
Empleado(a) dom�stico por d�as (permanente o temporal);5620102;0;0;0;
"Otros empleados dom�sticos: amas de llaves, institutrices, tutores, mayordomos, choferes, jardineros, celadores, ni�eras dentro del hogar
";5620199;0.19;0.19;0.19;
Servicio de limpieza de ventanas;5620201;0.19;0.19;0.19;
Servicio de desinfecci�n y fumigaci�n del hogar;5620202;0.19;0.19;0.19;
Servicio de lavado de ropa y limpieza del hogar: cubrelechos, cortinas, tejidos del hogar, tapetes, muebles y ventanas.;5620301;0.19;0.19;0.19;
Servicio de lavado de alfombras;5620302;0.19;0.19;0.19;
Servicio de tintorer�a y te�ido de ropa del hogar;5620303;0.19;0.19;0.19;
Analg�sicos y Antiinflamatorios;6110101;0;0;0;
Anti�cidos y medicamentos para la Gastritis;6110102;0;0;0;
Antibi�ticos topicos y sist�micos;6110103;0;0;0;
Medicamentos antial�rgicos (antihistam�nicos);6110104;0;0;0;
Antigripales y Antitusivos no homeop�ticos;6110105;0;0;0;
Antiparasitarios, antimibianos, purgantes y laxantes;6110106;0;0;0;
Antiartr�ticos y Antirreum�ticos ;6110107;0;0;0;
Antidiab�ticos e Insulinas ;6110108;0;0;0;
Antiespasm�dicos y Antidiarr�icos;6110109;0;0;0;
Medicamentos para la tensi�n arterial y cardiovasculares;6110111;0;0;0;
Desinfectantes;6110112;0;0;0;
Suero oral y sales de rehidrataci�n;6110113;0;0;0;
Vacunas;6110114;0;0;0;
Suplementos dietarios, vitaminas, reconstituyentes, calcio, otros minerales y aceite de higado de bacalao;6110115;0;0;0;
Medicamentos para nivelar los niveles de colesterol;6110117;0;0;0;
Medicamentos para tratamientos contra el cancer;6110118;0;0;0;
Medicamentos para tratar la disfuncion erectil;6110119;0;0;0;
Medicamentos para tratar afecciones de la tiroides;6110120;0;0;0;
Medicamentos para el tratamiento de enfermedades psiqui�tricas y antidepresivas;6110121;0;0;0;
Medicamentos para el tratamiento del VIH (SIDA);6110122;0;0;0;
Productos dermatol�gicos con formula m�dica (incluso los protectores solares medicados);6110201;0;0;0;
Gotas para tratamiento de afecciones de oidos, ojos, nar�z y suero fisiol�gico;6119901;0;0;0;
Anticonceptivos orales (p�ldoras), �vulos, inyecciones, cremas anticonceptivas, parches;6119902;0;0;0;
"Medicamentos homeop�ticos, medicamentos de origen natural y bioenerg�ticos;esencias naturales o florales medicinales. ";6119903;0;0;0;
F�rmula m�dica completa (hace referencia a todos los medicamentos que el informante NO puede desargregar y no fueron registrados  en los anteriores art�culos) ;6110404;0;0;0;
Term�metros cl�nicos;6120101;0.19;0.19;0.19;
Jeringas, agujas hipod�rmicas;6120102;0.19;0.19;0.19;
Esparadrapo, vendas, gasas, curitas.;6120103;0;0;0;
Botiquines de primeros auxilios ;6120104;0;0;0;
Dispositivo de prueba r�pida de embarazo ;6120105;0;0;0;
Inhaladores;6120107;0;0;0;
Otros implementos m�dicos: bolsas de agua caliente, bolsas de hielo, paquetes de gel, etc.;6120199;0;0;0;
Dispositivos de planificacion familiar: intrauterinos e implante intrad�rmico.;6120201;0;0;0;
Preservativos (condones);6120202;0;0;0;
Anteojos, gafas o lentes de contacto formulados ;6130101;0;0;0;
Sillas de ruedas, camas y colchones especiales (de hospital para uso en el hogar);6130102;0;0;0;
Muletas y bastones ortop�dicos;6130103;0;0;0;
Zapatos ortop�dicos;6130104;0;0;0;
Compra de equipo terap�utico: plantillas ortop�dicas, soportes de cuello, ferula, bragueros, fajas quir�rgicas, medias el�sticas para traumatolog�a, soportes para rodilla, pie, brazo, caminadoras, etc. ;6130105;0;0;0;
Equipo para masajes m�dicos ;6130106;0;0;0;
Pr�tesis (miembros artificiales), dentaduras postizas;6130107;0;0;0;
Aparatos ortop�dicos y de salud visual y ocular: ojo de cristal;6130108;0;0;0;
Tensi�metros (el�ctricos, manuales y de otro tipo), estetoscopios, gluc�metros ;6130109;0;0;0;
Reparaci�n de artefactos y equipos terap�uticos;6130110;0.19;0.19;0.19;
Aparatos de salud auditiva: aud�fonos ortop�dicos y cl�nicos;6130111;0;0;0;
Consulta m�dica general con m�dico particular  ;6210101;0;0;0;
Consulta m�dica con m�dico especialista particular: pediatr�a, oftalmolog�a, ginecolog�a, siquiatr�a, traumatolog�a, cardiolog�a y otros especialistas ;6210201;0;0;0;
Servicios de especialistas en ortodoncia (incluye compra de brackets y retenedores);6210301;0;0;0;
Consulta particular con m�dicos home�patas, bioenerg�ticos y otros no tradicionales;6210401;0;0;0;
Servicios odontol�gicos con odont�logos particulares: consultas, profilaxis, exodoncias (extracci�n), amalgamas, sellantes, fluorizaci�n. ;6220101;0;0;0;
Servicios para particulares en centros de rayos X: radiograf�as (incluyendo las dentales), urograf�as, mamograf�as, electrocardiogramas y otras im�genes diagn�sticas    ;6230101;0;0;0;
Ex�menes de laboratorio para particulares: de sangre, bacteriol�gicos, etc.   ;6230201;0;0;0;
Servicios independientes de: fonoaudi�logos, fisioterapeutas;6230301;0;0;0;
Terapia de gimnasia correctiva recetada por m�dicos;6230302;0;0;0;
Servicios de medicina alternativa y complementaria (acupuntura, homeopat�a, quiropr�ctica, osteopat�a, hidroterapia, etc.);6230303;0;0;0;
Servicios de enfermer�a para maternidad  en el hogar (enfermera(o) privada(o)) partera, comadrona);6230304;0;0;0;
Consulta con teguas, empiricos, curanderos, yerbateros, etc.;6230305;0;0;0;
"Alquiler de equipo terap�utico: muletas y bastones ortop�dicos, zapatos y plantillas ortop�dicas, soportes de cuello, ferula, bragueros, fajas quir�rgicas; soportes para rodilla, pie, brazo; caminadoras, etc";6230401;0;0;0;
Cuotas moderadoras EPS (medicina, odontolog�a, especialistas, medicamentos, ex�menes, etc);6240101;0.19;0.19;0.19;
Bonos de medicina prepagada o pagos en efectivo por consultas, odontolog�a, medicamentos, ex�menes, etc;6240201;0.05;0.05;0.05;
"Servicios b�sicos hospitalarios atenci�n a pacientes internos bajo la supervisi�n directa de m�dicos calificados; los centros m�dicos, centros de maternidad, hospicios para ancianos y hogares para convalecientes tambi�n prestan atenci�n a pacientes internos.";6300101;0;0;0;
Servicios m�dicos hospitalarios para particulares: atenci�n de m�dicos (generales y especialistas), odont�logos, param�dicos, ex�menes, radiograf�as y terapias ;6300201;0;0;0;
Servicios m�dicos menores (peque�a cirug�a, cirug�a ambulatoria, urgencias, etc.);6300301;0;0;0;
Pagos complementarios (POS y  medicina prepagada) de servicios hospitalarios;6300401;0.05;0.05;0.05;
Compra de veh�culos nuevos para uso particular (incluye pagos por nacionalizaci�n y otros pagos)     ;7110101;0.19;0.19;0.19;"These transactions are taxed with the impuesto nacional al consumo, INC: for vehicles with value below USD$30000 the rate for the INC is 8%; if the value is above USD$30000, the rate is 16%"
Compra de veh�culos usados para uso particular (incluye pagos por nacionalizaci�n y otros pagos)     ;7110102;0;0;0;"second hand purchases of vehicles have a special tax base for VAT purposes: If a retailer buys a used car priced initially at $20 and resells it at $22, the vat rate is applied to the difference. In addition, these transactions are also taxed with the impuesto nacional al consumo, INC: for vehicles with value below USD$30000 the rate for the INC is 8%; if the value is above USD$30000, the rate is 16%"
Gastos de matr�culas para veh�culos nuevos y de traspaso para veh�culos usados;7110103;0.19;0.19;0.19;
Compra de motocicletas y bicicletas con motor o el�ctricas nuevas o usadas;7120101;0.19;0.19;0.19;goods with different tax rates. Minor details regarding VAT exclusions for Amazonas, Vaup�s, Guain�a. In addition,  only motorbikes are taxed with the impuesto nacional al consumo, INC: an extra 8% is charged if engine is above 200 c.c.
Gastos de matr�culas o traspaso de motocicletas o bicicletas con motor;7120102;0.19;0.19;0.19;
Compra de bicicletas nuevas o usadas (excepto para ni�os);7130101;;0.05;0.19;Depending on value an nature. If value is below 50 UVT (aprox $1593000 COP) the VAT rate is 5%
Animales y veh�culos de tracci�n animal para transporte de personas del hogar ;7140101;0;0;0;
Llantas y neum�ticos, rines para veh�culo    ;7210101;0;0;0;
Productos para la limpieza y conservaci�n del  veh�culo: pintura, limpiadores, selladores, shampoo, ceras, ambientadores, eliminador de olores, pa�itos h�medos para veh�culos, etc.;7210301;0.19;0.19;0.19;
Productos y accesorios para carrocer�a: pijamas, tapetes, barras de seguridad, ceniceros, organizador para carro, cubre asiento, bombillos (papa farolas, stops, laterales), etc.;7210401;0.19;0.19;0.19;
Herramientas para veh�culos de transporte personal (equipo de carretera, cruceta y gato, infladores, etc);7210501;0.19;0.19;0.19;
Piezas para bicicleta: llantas, neum�ticos, rines, manzanas, cadenas, cambios, pi�ones, guallas, sillines, candados y cable candado, luces, etc.;7210601;0.19;0.19;0.19;
Motores para veh�culo;7219901;0.15;0.15;0.15;VAT depending on value (no vat for Diesel engines up to 150 HP). For electric cars, the VAT rate is 5% (goods with different VAT rates)
Buj�as, inyectores, filtros, amortiguadores, bater�as, carburadores, distribuidores de corriente, vidrios, condensadores, correas de ventilador, etc.;7219902;;0.15;0.19;goods with different tax rates
Gasolina corriente y extra;7220101;0.19;0.19;0.19;
Gas vehicular;7220201;0.19;0.19;0.19;
Combustible diesel;7220301;0.19;0.19;0.19;
Aditivos, valvulinas, l�quido para frenos, refrigerantes, agua para bater�a, etc.    ;7220401;0.19;0.19;0.19;
Mantenimiento y reparaciones efectuadas en el taller: engrase, sincronizaci�n, revisiones t�cnicas, instalaciones de partes y accesorios, balanceo de ruedas, despinchada, lavado y polichado, servicios de gr�a, etc.         ;7230101;0.19;0.19;0.19;
Compra y cambio de aceite;7230201;0.19;0.19;0.19;
Servicios de latoner�a y pintura;7230301;0.19;0.19;0.19;
Cuotas a clubes o compa�ias de servicios especiales para el veh�culo  como los centros de reparacion y mantenimiento de cosesionarios de marcas especificas ;7230401;0.19;0.19;0.19;
Pago mensual de parqueadero;7240101;0.19;0.19;0.19;
Pago de parqueadero o parqu�metro por horas o d�as;7240102;0.19;0.19;0.19;
Peajes   ;7240201;0;0;0;
Gastos en licencias y clases de conducci�n;7240301;0.19;0.19;0.19;
Comparendos y multas por infracciones;7240302;0.19;0.19;0.19;
Revision tecnomec�nica y otras revisiones ordenadas por ley;7240303;0.19;0.19;0.19;
Alquiler de veh�culos sin conductor;7240304;0.19;0.19;0.19;
Pasaje en tren;7310101;0;0;0;
Pasaje en metro;7310102;0;0;0;
Pasaje urbano en bus, buseta y colectivo  ;7320101;0;0;0;
Pasaje en sistema integrado de transporte masivo (Transmilenio, SITP, MIO, Megabus, Metrolinea, Transmetro, Metroplus, etc);7320102;0;0;0;
Taxi urbano;7320103;0;0;0;
Otros transportes urbanos: servicio pirata, bicitaxi, mototaxi, funicular, telesf�rico, etc;7320199;0;0;0;
Pasaje intermunicipal en bus, buseta, colectivo, taxi, aero vans, chiva, campero, etc.  ;7320201;0;0;0;
Pasaje en transporte internacional terrestre;7320202;0.19;0.19;0.19;
Transporte de equipajes por v�a terrestre  ;7320203;0;0;0;
Alquiler de veh�culo con conductor;7320204;0.19;0.19;0.19;
Transporte proveniente de salario en especie;7320205;0;0;0;
Pasaje en transporte interveredal y a ciudades dormitorio;7320207;0;0;0;
Otro tipo de transporte intermunicipal;7320299;0;0;0;
Transporte escolar prestado por el colegio (con buses propios o con empresa contratada);7320301;0;0;0;
Transporte escolar particular contratado por los padres;7320302;0.19;0.19;0.19;
Transporte de pasajeros y equipaje en avi�n (incluye pagos por exceso de equipaje);7330101;0.19;0.19;0.19;
Transporte de pasajeros y equipaje en helic�ptero   ;7330201;0.19;0.19;0.19;
Transporte de pasajeros y equipajes por mar, rios, ca�os, lagos, etc. en buque, nav�o, aerodeslizador, veh�culo de colch�n de aire (incluye transporte de veh�culos privados por este medio);7340101;0;0;0;
Transporte de pasajeros y equipajes por mar, r�os, ca�os, lagos, etc. en ferry, planch�n, canoa y lancha;7340201;0;0;0;
Servicio en dos o m�s medios de transporte cuando el gasto no se puede discriminar ;7350101;;0;0.01;goods with different tax rates
Servicios de remoci�n de escombros;7360101;0.19;0.19;0.19;
Servicios de almacenamiento y dep�sito de equipaje;7360201;0.19;0.19;0.19;
Servicio de trasteos y mudanzas;7360301;0.19;0.19;0.19;
Compra de tel�fonos fijos y accesorios;8200101;0.19;0.19;0.19;
Compra de fax;8200102;0.19;0.19;0.19;
Reparaci�n de tel�fonos fijos, de fax y de accesorios;8200103;0.19;0.19;0.19;
Compra de celular convencional (no inteligente) y accesorios;8200201;0;0;0;
Compra de radiotel�fono y accesorios;8200202;0.19;0.19;0.19;
Compra de celular inteligente y accesorios;8200203;;0;0.19;vat depending on value (cellphones above 22UVT, aprox. $700800 COP)
Reparaci�n de celulares y de accesorios;8200204;0.19;0.19;0.19;
Servicios de telegraf�a, t�lex y telefax;8300101;0.19;0.19;0.19;
"Llamadas telef�nicas desde una l�nea privada o desde una l�nea p�blica (Telefonos publicos y modenederos, etc.)
";8300201;0;0;0;
"Llamadas de larga distancia nacional o internacional desde tel�fonos p�blicos, cabinas telef�nicas, monederos y desde hoteles
";8300202;0;0;0;
"Llamadas por minuto desde celular en la calle a cualquier destino
";8300203;0;0;0;
Servicio telef�nico residencial (local y larga distancia)  ;8300204;;0;0.02;exemption for the first 325 minutes month
Instalaci�n y reconexi�n de l�nea telef�nica residencial;8300205;0.19;0.19;0.19;
Planes de telefon�a celular de voz y mensajer�a ;8300206;0.19;0.19;0.19;EXTRA TAX: Impuesto nacional al consumo (4% charge on amount above $47800)
Servicios de acceso a Internet proporcionados por operadores de infraestructura cableada, inal�mbrica o satelital;8300301;;0.02;0.19;vat depending on estrato (>3)
Servicio de paquete de datos para celulares, tabletas, m�dem USB o LTE;8300302;0.19;0.19;0.19;EXTRA TAX: Impuesto nacional al consumo (4% charge on amount above 1.5 UVT, aprox. $47800)
Servicios de internet en centros de acceso p�blico con costo (caf� internet);8300303;;0;0.19;There could be a tax cascade
Pago por suscripci�n a p�ginas web, inclu�do el almacenamiento en la nube y publicaciones peri�dicas (inclu�das p�ginas de medios de comunicaci�n);8300304;0;0;0;
Recargas para telefon�a celular (prepago para minutos o datos, diferente al plan postpago);8300305;0;0;0;
Equipos de sonido,  mini-componentes.;9110101;0.19;0.19;0.19;
Radio, radioreloj, grabadoras, radiograbadora;9110103;0.19;0.19;0.19;
Radio, equipo de sonido o video para veh�culos (CD, MP3 o MP4);9110105;0.19;0.19;0.19;
Amplificadores de sonido, altavoces, equalizadores, bafles, parlantes, torres de sonido, micr�fonos, aud�fonos, sintonizadores, altoparlantes, etc. ;9110106;0.19;0.19;0.19;
Otros equipos para la recepci�n, grabaci�n y reproducci�n de sonido;9110199;0.19;0.19;0.19;
Televisor a color convencional;9110202;0.19;0.19;0.19;
Televisor de pantalla plana (plasma, LCD o LED);9110203;0.19;0.19;0.19;
Antenas de televisi�n, decodificadores, etc.;9110204;0.19;0.19;0.19;
Reproductores de video (DVD o BLU RAY);9110206;0.19;0.19;0.19;
Teatro en casa;9110207;0.19;0.19;0.19;
Reproductores digitales de m�sica, video e imagen (MP3, MP4, Ipod, etc.);9110209;0.19;0.19;0.19;
Televisor inteligente (smart TV);9110210;0.19;0.19;0.19;
Lectores de libros electr�nicos;9110211;0.19;0.19;0.19;
C�maras fotogr�ficas ;9120101;0.19;0.19;0.19;
Accesorios de fotograf�a: flash, lentes, medidores de luz, filtros, tr�podes, equipo para revelado, etc.;9120103;0.19;0.19;0.19;
C�maras de video;9120201;0.19;0.19;0.19;
Proyectores de pel�culas, video beams, etc;9120202;0.19;0.19;0.19;
Accesorios de cinematograf�a: pantallas, visores, lentes, filtros, medidores de luz, l�mparas de destello, tr�podes, fot�metros, etc.;9120203;0.19;0.19;0.19;
Instrumentos �pticos: microscopios, telescopios, lupas, bin�culos, br�julas, etc.;9120301;0.19;0.19;0.19;
Computadores personales de escritorio (PC, all in one);9130101;;0;0.19;vat depending on value (computers above 50UVT, aprox. $1593000 COP)
Monitores;9130102;0.19;0.19;0.19;
Impresora o esc�ner;9130103;0.19;0.19;0.19;
Calculadoras;9130108;0.19;0.19;0.19;
Computadores port�tiles;9130110;;0;0.19;vat depending on value (cellphones above 50UVT, aprox. $1593000 COP)
Tabletas (ipads);9130111;;0;0.19;vat depending on value (tablets above 22UVT, aprox. $700800 COP)
Otros aparatos de tratamiento de informaci�n: servidores, etc;9130199;0.19;0.19;0.19;
"Software tipo Office: procesadores de palabra, hojas de c�lculo, software para hacer presentaciones y para el manejo de bases de datos
";9130201;0.19;0.19;0.19;
"Software especializado: de medicina, financiero, de dise�o y dibujo, paquetes estad�sticos y similares
";9130202;0.19;0.19;0.19;
Antivirus y software para filtrado y control de navegaci�n;9130204;0.19;0.19;0.19;
"Paquetes de software de computadora, tales como sistemas operativos, aplicaciones, lenguajes de programaci�n, etc
";9130205;0.19;0.19;0.19;
Webcam, dispositivos de joystick y similares, mouse, teclados, parlantes, cables, l�piz �ptico para computador;9130301;0.19;0.19;0.19;
M�dem, router, tarjetas de video y de sonido, unidades de CD-ROM y de DVD-ROM;9130302;0.19;0.19;0.19;
Memoria RAM, procesador, board, switch de red, disco duro interno;9130303;0.19;0.19;0.19;
Otros accesorios para computadores y tabletas: forros, pad mouse, etc.;9139901;0.19;0.19;0.19;
CDs, DVDs o USB con contenido (de m�sica, videos, libros, etc);9140104;0.19;0.19;0.19;
CDs y DVDs sin grabar (v�rgenes) ;9140201;0.19;0.19;0.19;
Material para uso fotogr�fico: rollos, cartuchos, discos v�rgenes para uso fotogr�fico y cinematogr�fico, papel de fotograf�a, qu�micos para revelado, l�mparas de destello, etc.;9140301;0.19;0.19;0.19;
Memoria USB, disco duro externo, tarjetas de memoria SD, mini-SD, micro-SD y lectores de tarjetas;9140401;0.19;0.19;0.19;
Reparaci�n de equipos y accesorios audiovisuales;9150101;0.19;0.19;0.19;
Reparaci�n de equipos, accesorios fotogr�ficos y de procesamiento de informaci�n   ;9150201;0.19;0.19;0.19;
"Equipo y accesorios para deportes: pesas, balones, mallas, bicicletas est�ticas, mesas de ping pong, raquetas, chanchas de tejo, equipo de buceo, flotadores, cascos, guantes rodilleras y otros
";9210101;0.19;0.19;0.19;
Mesas de billar, carros de golf, botes, alas deltas (cometas humanas), rodaderos, piscinas, etc.;9210201;0.19;0.19;0.19;
Instrumentos musicales: arm�nicas,  flautas, maracas, tambores, bater�as, guitarras, �rganos, pianos, sintetizadores, trompetas, violines, etc;9220101;0.19;0.19;0.19;
Accesorios y piezas de repuestos de instrumentos musicales;9220201;0.19;0.19;0.19;
Mantenimiento y reparaci�n de instrumentos musicales y de equipos relacionados con deportes y ocio terrestre, a�reo, acu�tico y en interiores;9230101;0.19;0.19;0.19;
Juegos de mesa: cartas, naipes, domin�, ajedrez, parqu�s, damas chinas, rumi-q, etc.;9310101;0.19;0.19;0.19;
Juguetes: carros, trenes, mu�ecas, loterias, peluches, rompecabezas, sonajeros, armatodos, bromas, etc.;9310201;0.19;0.19;0.19;
Bicicletas para ni�o(a), triciclos, columpios;9310202;;0.05;0.19;Depending on value an nature. If electric OR below 50 UVT (aprox $1593000 COP) the VAT rate is 5%
"Consolas y accesorios para juegos electr�nicos: play station, nintendos, x-box, gameboy, etc.
";9310203;0.19;0.19;0.19;
Pago por descargas de juegos de internet ;9310204;0.19;0.19;0.19;
Disfraces (vestidos, m�scaras, accesorios);9310301;0.19;0.19;0.19;
"Adornos navide�os (�rboles de navidad artificiales, guirnaldas, y otros accesorios decorativos) p�lvora y fuegos artificiales.
";9310302;0.19;0.19;0.19;
Art�culos para fiestas: pi�atas, serpentinas, confetis, bombas pl�sticas, recordatorios, etc;9310303;0.19;0.19;0.19;
Art�culos de colecci�n: monedas, estampillas, �lbumes para estampillas, billetes, etc. ;9310401;0.19;0.19;0.19;
Equipo y accesorios para camping: carpas, colchonetas aislantes o t�rmicas, sacos de dormir, colchones de aire e infladores, neveras portables, maletines t�rmicos, navaja, etc. ;9320101;0.19;0.19;0.19;
Calzado para deportes: patines, guayos, zapatos para golf, zapatillas para atletismo, crampones y otros aditamientos de calzado para deportes.;9320201;0.19;0.19;0.19;
Equipos para pesca y caza: ca�as y otros equipos para pescar, armas de fuego y municiones  ;9320301;0.19;0.19;0.19;
Flores sueltas o por docena;9330101;0;0;0;
Plantas naturales: ramos de flores, matas, arbustos ;9330201;0;0;0;
Coronas, flores para funerales, hojas verdes;9330301;0.19;0.19;0.19;
Plantas artificiales: flores (sueltas o en ramo) y matas ;9330401;0.19;0.19;0.19;
"Semillas, bulbos de plantas, c�sped, fertilizantes, fungicidas, abonos, materas, macetas y tiestos para flores y plantas
";9330501;;0;0.19;goods with different tax rates
Animales dom�sticos, mascotas y para pr�cticas deportivas: perros, gatos,  p�jaros, conejos, peces, etc.;9340101;0.19;0.19;0.19;
Alimentos para animales dom�sticos y mascotas;9340201;0.19;0.19;0.19;
Productos  para animales dom�sticos y mascotas, productos de veterinaria, art�culos para el cuidado e higiene (shampoo, jab�n, desodorantes) y accesorios para mascotas (collares, perrera, jaula, acuarios y otros);9340301;0.19;0.19;0.19;
Servicios de veterinaria y de otro tipo para animales dom�sticos: cuidado, sal�n de belleza, alojamiento, entrenamiento, paseadores de perros y colegios para mascotas etc.   ;9350101;0.19;0.19;0.19;
Entrada a Ferias (del libro, artesanal, etc);9410101;0;0;0;
Gastos en parques, parques de diversiones, juegos mec�nicos (no incluir pago de paquetes de paseos de menos de un d�a por excursiones, peregrinaje o convivencia);9410102;0.19;0.19;0.19;
Gastos en bazares y fiestas populares;9410103;0.19;0.19;0.19;
"Servicio de profesores o instructores particulares en clases recreativas y deportivas (f�tbol, ajedrez, gimnasia, patinaje, nataci�n, yoga y otros)
       ";9410104;0.19;0.19;0.19;
"Servicio de profesores o instructores particulares en clases de formaci�n art�stica (m�sica, baile, instrumentos musicales, canto, producci�n art�stica-creativa)     
  ";9410105;0.19;0.19;0.19;
"Gastos en  fiestas del hogar (matrimonios, cumplea�os, bautizos, navidad) a excepci�n de pi�atas.
";9410106;0.19;0.19;0.19;
"Gastos en juegos electr�nicos y maquinitas (daytona y otros) en establecimientos p�blicos
";9410107;0.19;0.19;0.19;
Entrada a  espect�culos deportivos;9410201;0;0;0;
"Alquiler de instalaciones o canchas deportivas para la pr�ctica de deportes (bolos, tenis, golfito, microf�tbol, etc.)
";9410202;0.19;0.19;0.19;
Pago por servicios de gimnasio;9410203;0.19;0.19;0.19;
Cuotas a clubes sociales y deportivos;9410204;0.19;0.19;0.19;
Servicio de billar, tejo, rana y ping-pong;9410205;0.19;0.19;0.19;
Alquiler de equipo, accesorios y calzado para deporte y recreaci�n ;9410301;0.19;0.19;0.19;
Entradas a cine;9420101;0;0;0;
Entradas a teatro;9420102;0;0;0;
Entradas a espect�culos musicales: conciertos, �peras, ballets, zarzuela, etc.;9420201;0;0;0;
Entradas a circos y otros espect�culos afines;9420301;0;0;0;
Entradas a plazas de toros  ;9420302;0;0;0;
Entradas a museos, galer�as de arte y exhibiciones  ;9420401;0;0;0;
Entradas a bibliotecas, hemerotecas y archivos;9420402;0;0;0;
Entradas a parques nacionales y reservas naturales;9420501;0;0;0;
Entradas a jardines bot�nicos, zool�gicos y acuarios;9420502;0;0;0;
Entradas a monumentos nacionales (sitios hist�ricos, etc) y zonas arqueol�gicas;9420503;0;0;0;
"Suscripci�n, instalaci�n, conexi�n o reconexi�n a televisi�n por cable, satelital, IPTV, digitalizada o antena parab�lica
";9420601;0.19;0.19;0.19;
"Servicio de televisi�n por cable, satelital, digitalizada, IPTV o antena parab�lica
";9420602;0.19;0.19;0.19;
Alquiler de TV, equipos de sonido y de video: televisores, reproductoras de video y de sonido, radios, etc.;9420701;0.19;0.19;0.19;
Alquiler tradicional de pel�culas, videos musicales y videojuegos;9420801;0.19;0.19;0.19;
Servicios fotogr�ficos y de video: procesamiento video, revelado de fotograf�as, ampliaciones, impresi�n de fotograf�as digitales, servicio de fot�grafos, etc.;9420901;0.19;0.19;0.19;
Pago por descargas de pel�culas y videos de internet.;9421101;0.19;0.19;0.19;
Pago por descargas de m�sica de internet;9421201;0.19;0.19;0.19;
Otros servicios culturales: m�sicos, payasos,  recreacionistas y otros;9429901;0.19;0.19;0.19;
Loter�as, chance, baloto y similares;9430101;0.19;0.19;0.19;
Rifas y sorteos (diferentes a loter�as);9430102;0.19;0.19;0.19;
Casinos, m�quinas tragamonedas y bingos;9430103;0.19;0.19;0.19;
Libros sueltos de lectura;9510101;0;0;0;
Atlas y diccionarios ;9510102;0;0;0;
Enciclopedias, obras y colecciones completas;9510103;0;0;0;
Fasc�culos y tomos sueltos de colecciones;9510104;0;0;0;
Encuadernaci�n de libros;9510105;0;0;0;
Libros t�cnicos y especializados;9510106;0;0;0;
Lista de �tiles escolares completa  ;9510107;0;0;0;
"Libros de texto: textos gu�as para clase (incluye libros de literatura, poes�a, etc, requeridos en clase)
";9510201;0;0;0;
Pago por descargas de libros de internet ;9510301;0.19;0.19;0.19;
Compra diaria de peri�dicos ;9520101;0;0;0;
Suscripci�n a peri�dicos, revistas u otras publicaciones peri�dicas impresas.;9520201;0;0;0;
Revistas sueltas, comics, novelas gr�ficas, historietas, cuentos y cuadernillos para colorear;9520301;;0;0.19;goods with different tax rates
Cat�logos, material publicitario, tarjetas de invitaci�n o felicitaci�n, carteles, postales, calendarios, tarjetas personales, �lbumes de l�minas, l�minas, monas y caramelos, afiches, separadores de libros, sufragios;9530101;0.19;0.19;0.19;
Mapas y globos terr�queos;9530102;0.19;0.19;0.19;Not mentioned in the tax code
Cuadernos (cosidos, grapados, argollados, plastificados, etc.)  y blocks;9540101;0;0;0;
Libretas, agendas, diarios personales;9540102;0;0;0;
Hojas sueltas de papel (oficio, carta, cuadriculado, mantequilla, carb�n), cartulina y otro tipo de papeles y cartones;9540103;0;0;0;
Resmas de papel (carta u oficio);9540104;0.19;0.19;0.19;
Otros art�culos de papeleria: f�lderes, sobres (carta o manila), forros, r�tulos, carpetas, etc.;9540199;0.19;0.19;0.19;
L�pices, portaminas, minas, tajal�pices y borradores ;9540201;0;0;0;
Bol�grafos, estil�grafos, plumas, marcadores, plumones y resaltadores;9540202;;0;0.19;goods with different tax rates
Tintas (para estil�grafo, china y otras), plantillas de dibujo, almohadillas, l�quidos correctores, etc.;9540203;0.19;0.19;0.19;
Lienzos, telas para dibujo y pintura;9540301;0.19;0.19;0.19;
P�nceles para dibujo;9540302;0.19;0.19;0.19;
Vinilos, t�mperas, acuarelas, �leos, carboncillos, cajas de colores, crayolas, plastilina, otras pinturas, etc   ;9540303;0.19;0.19;0.19;
Otros art�culos para manualidades (repujadores, troqueladores, enrolladores, palos de balso, escarcha, foamy, etc);9540399;0.19;0.19;0.19;
Perforadoras, cortadoras de papel, tijeras, grapadoras;9540401;0.19;0.19;0.19;
Pegamentos, cintas, colbones, gomas, adhesivos, bistur�s, grapas, clips, broches para papel, etc.   ;9540402;0.19;0.19;0.19;
Reglas, escuadras, compaces, transportadores y otros instrumentos de geometr�a.   ;9549901;0.19;0.19;0.19;
Estuches para l�pices, pizarras, tiza, yeso para actividades educativas, madera balso, etc;9549902;0.19;0.19;0.19;
Paquetes tur�sticos completos: Gira tur�stica completa (incluye pasajes, alojamiento, alimentaci�n, etc.) ;9600101;0.19;0.19;0.19;
Pago de paquete por viajes de excursi�n, peregrinaje o convivencia de menos de un d�a (sin pernoctar);9600201;0.19;0.19;0.19;
Matriculas e inscripci�n en secundaria;10200101;0;0;0;
Pensiones en secundaria;10200102;0;0;0;
Bonos escolares en secundaria;10200103;0;0;0;
Asociaci�n de padres de familia en secundaria;10200104;0.19;0.19;0.19;
Otros gastos en secundaria no especificados anteriormente (aportes para rifas, eventos especiales y cobros para actividades espor�dicas del colegio);10200199;0;0;0;
Inscripciones y matr�culas en carreras universitarias (no incluye postgrado);10400101;0;0;0;
Inscripciones y matr�culas en carreras t�cnicas y tecnol�gicas ;10400102;0;0;0;
Inscripciones y matr�culas en postgrados (especializaci�n, maestr�a, doctorado);10400201;0;0;0;
Otros gastos en educaci�n superior (pregrados y postgrados);10409901;0;0;0;
Cursos de educaci�n no formal en academias o instituciones de idiomas, inform�tica, moda y confecci�n, belleza, primeros auxilios, etc;10500101;0;0;0;
Cursos de educaci�n no formal en academias o instituciones de deportes;10500102;0;0;0;
Cursos de educaci�n no formal en academias o instituciones de formaci�n art�stica;10500103;0;0;0;
Diplomados, educaci�n continuada, preicfes, preuniversitarios ;10500401;0;0;0;
Educaci�n para adultos y validaciones;10500501;0;0;0;
Pago a instituciones por asesor�a de tareas;10500601;0;0;0;
Clases acad�micas dictadas por particulares;10500701;0;0;0;
Desayunos completos;11110101;0;0;0;No VAT but Impuesto nacional al consumo of 8% depending on place of purchase
Almuerzos completos;11110102;0;0;0;No VAT but Impuesto nacional al consumo of 8% depending on place of purchase
Comidas completas;11110103;0;0;0;No VAT but Impuesto nacional al consumo of 8% depending on place of purchase
Tiquetera para alimentos preparados, excepto en establecimientos educativos;11110104;0.19;0.19;0.19;Ambiguity in the tax code
"Platos diversos: Pollo asado, carne asada, arroz chino, lechona y similares para consumo inmediato  en establecimientos de servicio a la mesa y autoservicio,  medios de transporte, maquinas expendedoras, puestos moviles, y lugares de esparcimiento; se incluyen tambien las  contratadas por encargo, para llevar y por servicio a domicilio
";11110105;0;0;0;No VAT but Impuesto nacional al consumo of 8% depending on place of purchase
"Bebidas calientes : Tinto, caf� con leche, chocolate, t�, bebida achocolatada caliente, leche, agua de panela, agua arom�tica, avena caliente y similares  para consumo inmediato, en establecimientos de servicio a la mesa y autoservicio,  medios de transporte, maquinas expendedoras, puestos moviles, y lugares de esparcimiento; se incluyen tambien las  contratadas por encargo, para llevar y por servicio a domicilio
";11110201;0;0;0;No VAT but Impuesto nacional al consumo of 8% depending on place of purchase. Vending machines?
"Gaseosa y otros refrescos  en establecimientos de servicio a la mesa y autoservicio,  medios de transporte, maquinas expendedoras, puestos moviles, y lugares de esparcimiento; se incluyen tambien las adquiridas para llevar y servicio a domicilio";11110301;0;0;0;No VAT but Impuesto nacional al consumo of 8% depending on place of purchase. Vending machines?
"Jugos naturales  para consumo inmediato, en establecimientos de servicio a la mesa y autoservicio,  puestos moviles, y lugares de esparcimiento; se incluyen tambien los  contratados por encargo ,para llevar y servicio a domicilio";11110302;0;0;0;No VAT but Impuesto nacional al consumo of 8% depending on place of purchase. Vending machines?
Leche tomada fuera del hogar suministrada para consumo inmediato, en establecimientos de servicio a la mesa y autoservicio,  medios de transporte, maquinas expendedoras, puestos moviles, y lugares de esparcimiento.;11110303;0;0;0;No VAT but Impuesto nacional al consumo of 8% depending on place of purchase. Vending machines?
Yogurt, kumis para consumo inmediato, en establecimientos de servicio a la mesa y autoservicio,  medios de transporte, maquinas expendedoras, puestos moviles, y lugares de esparcimiento.;11110304;0;0;0;No VAT but Impuesto nacional al consumo of 8% depending on place of purchase. Vending machines?
"Masato, mazamorra, chicha, avena helada, malteada, agua de panela fria y similares  para consumo inmediato, en establecimientos de servicio a la mesa y autoservicio, puestos moviles, y lugares de esparcimiento; se incluyen tambien las  contratadas por encargo y para llevar";11110305;0;0;0;No VAT but Impuesto nacional al consumo of 8% depending on place of purchase. Vending machines?
Helados, paletas, conos y similares  para consumo inmediato, en establecimientos de servicio a la mesa y autoservicio,  puestos moviles,  lugares de esparcimiento y para llevar.;11110401;0;0;0;No VAT but Impuesto nacional al consumo of 8% depending on place of purchase. 
"Ensaladas de frutas, frutas sueltas, fresas con crema  para consumo inmediato, en establecimientos de servicio a la mesa y autoservicio, maquinas expendedoras, puestos moviles, y lugares de esparcimiento; se incluyen tambien las contratadas por encargo, para llevar y por servicio a domicilio";11110402;0;0;0;No VAT but Impuesto nacional al consumo of 8% depending on place of purchase. Vending machines?
"Galletas de sal y de dulce  para consumo inmediato, en establecimientos de servicio a la mesa y autoservicio,  medios de transporte, maquinas expendedoras, puestos moviles, y lugares de esparcimiento; se incluyen tambien las contratadas por encargo y para llevar";11110403;0;0;0;No VAT but Impuesto nacional al consumo of 8% depending on place of purchase. Vending machines?
"Pan, almoj�banas, bu�uelos,  pandeyucas, arepas y similares  para consumo inmediato, en establecimientos de servicio a la mesa y autoservicio,  medios de transporte, maquinas expendedoras, puestos moviles, y lugares de esparcimiento; se incluyen tambien las  contratadas por encargo, para llevar y por servicio a domicilio";11110404;0;0;0;No VAT but Impuesto nacional al consumo of 8% depending on place of purchase. Vending machines?
"Emparedados, empanadas, bollos, envueltos, tamales, pastel de pollo, perros calientes, hamburguesas, pizzas y similares para consumo inmediato, en establecimientos de servicio a la mesa y autoservicio,  medios de transporte, maquinas expendedoras, puestos moviles, y lugares de esparcimiento; se incluyen tambien las  contratadas por encargo, para llevar y por servicio a domicilio";11110405;0;0;0;No VAT but Impuesto nacional al consumo of 8% depending on place of purchase. Vending machines?
"Brownies, obleas, ponqu�s, bizcochos, milhojas y similares  para consumo inmediato, en establecimientos de servicio a la mesa y autoservicio,  medios de transporte, maquinas expendedoras, puestos moviles, y lugares de esparcimiento; se incluyen tambien las  contratadas por encargo y para llevar";11110406;0;0;0;No VAT but Impuesto nacional al consumo of 8% depending on place of purchase. Vending machines?
"Productos de salsamentaria y fritanga: chorizos, jamones, rellenas y similares para consumo inmediato, en establecimientos de servicio a la mesa y autoservicio, puestos moviles, y lugares de esparcimiento; se incluyen tambien las contratadas por encargo y para llevar";11110407;0;0;0;No VAT but Impuesto nacional al consumo of 8% depending on place of purchase. Vending machines?
"Quesos, cuajadas y quesillos para consumo inmediato, en establecimientos de servicio a la mesa y autoservicio,  maquinas expendedoras, puestos moviles, y lugares de esparcimiento; se incluyen tambien las contratadas por encargo y para llevar";11110408;0;0;0;No VAT but Impuesto nacional al consumo of 8% depending on place of purchase. Vending machines?
Huevos preparados para consumo inmediato, en establecimientos de servicio a la mesa y autoservicio,  puestos moviles, y lugares de esparcimiento y  para llevar;11110409;0;0;0;No VAT but Impuesto nacional al consumo of 8% depending on place of purchase. Vending machines?
Arequipes, bocadillos, gelatinas y similares para consumo inmediato, en establecimientos de servicio a la mesa y autoservicio,  medios de transporte, maquinas expendedoras, puestos moviles, y lugares de esparcimiento y para llevar;11110410;0;0;0;No VAT but Impuesto nacional al consumo of 8% depending on place of purchase. Vending machines?
Frituras: papas fritas, chitos, patacones y similares  para consumo inmediato, en medios de transporte, maquinas expendedoras, puestos moviles, y lugares de esparcimiento y para llevar;11110411;0;0;0;No VAT but Impuesto nacional al consumo of 8% depending on place of purchase. Vending machines?
Dulces, confites, chocolatinas, bombones  para consumo inmediato, en medios de transporte, maquinas expendedoras, puestos moviles, y lugares de esparcimiento y para llevar;11110412;0;0;0;No VAT but Impuesto nacional al consumo of 8% depending on place of purchase. Vending machines?
"C�cteles de camarones, ostras y similares  para consumo inmediato, en establecimientos de servicio a la mesa y autoservicio,  puestos moviles, y lugares de esparcimiento; se incluyen tambien las contratadas por encargo y para llevar";11110413;0;0;0;No VAT but Impuesto nacional al consumo of 8% depending on place of purchase. 
"Onces, medias nueves, media ma�ana, algo, entred�a, recreo para consumo inmediato, en establecimientos de servicio a la mesa y autoservicio,  medios de transporte, maquinas expendedoras, puestos moviles, y lugares de esparcimiento; se incluyen tambien las contratadas por encargo y para llevar";11110414;0;0;0;No VAT but Impuesto nacional al consumo of 8% depending on place of purchase. Vending machines?
Alimentos provenientes de salario en especie;11110415;0;0;0;
Gastos en discotecas, bares, griles, tabernas y similares (comida, bebidas, cover)  ;11110501;0;0;0;
Gastos en bebidas alcoh�licas (cerveza, aguardiente, ron, etc) en tiendas, fondas rurales y al aire libre;11110601;0;0;0;No VAT but Impuesto nacional al consumo of 8% depending on place of purchase.
"Pago mensual por alimentaci�n de estudiantes en establecimiento educativo (restaurantes escolares, universitarios),  los comedores universitarios, los de tropa y de oficiales del ej�rcito.
";11120101;0;0;0;
Servicios de alojamiento en hoteles, pensiones, posadas y hostales ;11200101;0.19;0.19;0.19;
Servicios de alojamiento en moteles y residencias  ;11200201;0.19;0.19;0.19;
Servicios de alojamiento en centros de vacaciones, caba�as, apartamentos, servicios de alquiler en terrenos para camping y servicios de gu�as tur�sticos;11200301;0.19;0.19;0.19;
"Servicios de alojamiento por motivo de ense�anza: internados de colegios; residencias estudiantiles; albergues para menores; albergues para j�venes trabajadores e inmigrantes";11200401;0;0;0;
Corte de pelo para hombres y ni�os;12110101;0.19;0.19;0.19;
Afeitado en barber�as;12110102;0.19;0.19;0.19;
Corte de pelo, peinado y alisado para mujeres y ni�as;12110103;0.19;0.19;0.19;
Tratamientos capilares y faciales;12110104;0.19;0.19;0.19;
Manicure y pedicure;12110105;0.19;0.19;0.19;
Te�ido de cabello, permanentes y desrizados en sal�n de belleza;12110106;0.19;0.19;0.19;
 Tratatamientos y cuidados corporales: Saunas, turcos y masajes no terap�uticos;12110107;0.19;0.19;0.19;
Depilaciones ;12110108;0.19;0.19;0.19;
Otros tratamientos de belleza: bronceado en c�mara,  maquillaje permanente, tatuajes, perforaciones, expansiones,etc;12110199;0.19;0.19;0.19;
M�quinas el�ctricas de afeitar, para cortar el pelo y depiladoras ;12120101;0.19;0.19;0.19;
Pinzas el�ctricas, planchas para cabello y secadores ;12120102;0.19;0.19;0.19;
Reparaci�n de aparatos el�ctricos para el cuidado personal ;12120104;0.19;0.19;0.19;
Otros aparatos el�ctricos para el cuidado personal: cepillos de dientes, vaporizadores, art�culos el�ctricos para masaje, etc.;12120199;0.19;0.19;0.19;
M�quina de afeitar no desechables, cuchillas y repuestos para m�quinas de afeitar, m�quinas de afeitar desechables, depiladores, encrespadores, cepillos para el cabello, peines y peinillas, rulos, ganchos y mo�os, pinzas y hebillas para el cabello, diademas, balacas y gorros para ba�o.;12130101;0.19;0.19;0.19;
B�sculas personales o pesas;12130102;0.19;0.19;0.19;
Jabones de tocador l�quidos y en barra;12130201;0.19;0.19;0.19;
Champ�s, acondicionadores, b�lsamos, enjuagues, cremas y tratamientos para el cabello (excluir los productos de beb�), gel, fijadores y lacas para el cabello;12130202;0.19;0.19;0.19;
Cremas para afeitar y depilar (tubo, aerosol, gel) y lociones para despu�s de la afeitada;12130203;0.19;0.19;0.19;
Desodorantes y antitranspitantes (crema, barra, roll-on, aerosol);12130204;0.19;0.19;0.19;
Perfumes, colonias y lociones;12130205;0.19;0.19;0.19;
Art�culos para la higiene corporal del beb�: aceites, cremas, champ�s, b�lsamos, jabones, colonias, etc. (excluye pa�os h�medos);12130206;0.19;0.19;0.19;
Cepillos de dientes, hilo y seda dental;12130301;0.19;0.19;0.19;In one document DIAN says these goods are not taxed with VAT, but the tax code say they are taxed
Crema dental y  enjuague bucal;12130302;0.19;0.19;0.19;In one document DIAN says these goods are not taxed with VAT, but the tax code say they are taxed
Blanqueadores y ceras dentales.;12130303;0.19;0.19;0.19;
Bases para la cara, polvos faciales, pesta�inas, labiales, l�pices de ceja, delineadores, sombras,  ruborizadores y desmaquilladores.;12130401;0.19;0.19;0.19;
Esmaltes, quitaesmaltes, diluyentes, limas y tijeras para u�as, cortacut�culas,  cortau�as y art�culos decorativos para u�as.;12130402;0.19;0.19;0.19;
Cremas (nutritivas, limpiadoras, hidratantes, etc.), talcos y polvos para el cuerpo y los pies, bronceadores y protectores solares no formulados;12130403;0.19;0.19;0.19;
Tinturas para el cabello;12130404;0.19;0.19;0.19;
Otros productos de belleza (pelucas, peluquines, extensiones de cabello, etc.);12130499;0.19;0.19;0.19;
Papel higi�nico;12139901;0.19;0.19;0.19;
Algod�n,  esponjas para el cuerpo y copitos;12139902;0.19;0.19;0.19;
Pa�uelos y pa�itos h�medos desechables de uso personal;12139903;0.19;0.19;0.19;
Toallas sanitarias, protectores, tampones, pa�itos y jabones intimos.;12139904;0.05;0.05;0.05;
Protectores para brassier, mamadores, succionadores y pezoneras;12139905;0.19;0.19;0.19;
Pa�ales desechables;12139906;0.19;0.19;0.19;
Pa�ales y ropa interior para incontinencia;12139907;0.19;0.19;0.19;
Otros productos para el aseo personal;12139999;0.19;0.19;0.19;
Servicios prestados por personas para entretenimiento privado de adultos (strippers y otros);12200101;0;0;0;Not in tax code
"Anillos, argollas, sortijas, aretes, pendientes, prendedores y alfileres para corbata, mancornas en oro y plata
";12310101;0.19;0.19;0.19;
"Collares, cadenas, gargantillas, pulseras y manillas en oro y plata.
";12310102;0.19;0.19;0.19;
Piedras preciosas;12310103;0.19;0.19;0.19;
Reparaci�n de art�culos de oro, plata y piedras preciosas.;12310104;0.19;0.19;0.19;
Relojes de mesa o pared y despertadores, term�metros y bar�metros de pared;12310201;0.19;0.19;0.19;
Relojes de pulso mec�nicos o digitales, de bolsillo y cron�metros;12310202;0.19;0.19;0.19;
Reparaci�n de relojes, cron�metros, term�metros y bar�metros de pared;12310203;0.19;0.19;0.19;
Anillos, argollas, sortijas, aretes, pendientes, prendedores, mancornas de fantasia e hilo.;12310301;0.19;0.19;0.19;
Collares, cadenas, gargantillas, pulseras y manillas de fantas�a e hilo;12310302;0.19;0.19;0.19;
Reparaci�n de art�culos de fantas�a e hilo;12310303;0.19;0.19;0.19;
Maletines, portafolios y bolsos de viaje;12320101;0.19;0.19;0.19;
Carteras, mochilas y bolsos de mano;12320102;0.19;0.19;0.19;
Billeteras, monederos, tarjeteros de bolsillo y portabilletes   ;12320103;0.19;0.19;0.19;
Bolsos y maletas tipo estudiante ;12320104;0.19;0.19;0.19;
Reparaci�n de maletines, cartera, billeteras y bolsos mencionados anteriormente;12320105;0.19;0.19;0.19;
Coches, caminadores, sillas, sillas para veh�culo, cestos y hamacas para beb�;12320201;0.19;0.19;0.19;
Portabeb�s delanteros y de espalda;12320202;0.19;0.19;0.19;
Monitores e intercomunicadores para beb�;12320203;0.19;0.19;0.19;
Chupos, mamilas, entretenedores;12320204;0.19;0.19;0.19;
Pa�aleras;12320205;0.19;0.19;0.19;
Reparaci�n de art�culos para beb�;12320207;0.19;0.19;0.19;
Otros art�culos para beb� (ba�eras, correas para beb�, etc) ;12320299;0.19;0.19;0.19;
Art�culos para fumador: Pipas, encendedores no desechables, pitilleras, cortapuros, cigarrillos electr�nicos y narguile;12320301;0.19;0.19;0.19;
Art�culos personales varios como: gafas de sol, lentes de contacto, cosmeticos, bastones, paraguas y sombrillas, abanicos, llaveros, etc;12320401;;0;0.19;goods with different tax rates
Art�culos de funeraria: ata�des, l�pidas y urnas;12320501;0.19;0.19;0.19;
Residencias para ancianos, hogares geri�tricos, hogares para personas con limitaciones f�sicas o cognitivas y centros de rehabilitaci�n;12400101;0.19;0.19;0.19;
Asistencia para el cuidado y mantenimiento de personas con limitaciones-discapacidad en el hogar;12400102;0.19;0.19;0.19;
Pagos mensuales en guarder�a o salacunas: pensi�n, alimentaci�n, etc;12400201;0.19;0.19;0.19;
Pagos anuales en guarder�as o salacunas: matr�cula, materiales, etc;12400202;0.19;0.19;0.19;
Cuidado de ni�os fuera del hogar (ni�eras fuera del hogar);12400203;0.19;0.19;0.19;
Pagos en agencias por servicios de adopci�n;12400204;0.19;0.19;0.19;
Descuentos por aporte de asalariados a EPS;12400301;0;0;0;
Aportes obligatorios de trabajadores independientes a EPS ;12400302;0;0;0;
Pagos adicionales en salud (PILA) por persona diferente al nucleo familiar: abuelos, personas mayores de 25 a�os, nietos, etc.;12400303;0;0;0;
Descuentos por aportes obligatorios de asalariados a fondos de pensiones y cesant�as;12400401;0;0;0;
Aportes obligatorios de trabajadores independientes a fondos de pensiones y cesant�as ;12400402;0;0;0;
Pago en comedores comunitarios;12400501;0;0;0;
Valor imputado por alimentaci�n en comedores comunitarios;12400502;0;0;0;
Seguro de vida y de educaci�n (ahorro programado), seguro de prestaci�n en caso de fallecimiento.;12510101;0;0;0;
Seguro relacionado con la vivienda (robo, incendio, terremoto, terrorismo, etc);12520101;0.19;0.19;0.19;
Pago anual de medicina prepagada o plan complementario de salud;12530101;0.05;0.05;0.05;
Seguro estudiantil;12530102;0;0;0;
Seguros relacionados con  la salud: m�dico, maternidad, neonatal, ambulancia, de accidentes,etc. (emerm�dica, emi, cem);12530103;0.05;0.05;0.05;
Pago de Seguro Obligatorio SOAT;12540101;0.19;0.19;0.19;
Pago de seguro de veh�culos contra todo riesgo;12540102;0.19;0.19;0.19;In one document DIAN says these goods are not taxed with VAT, but the tax code say they are taxed
Seguros relacionados con el transporte: seguro de vuelo, seguro de viaje y equipaje.;12540103;0.19;0.19;0.19;
Otros seguros: seguros de responsabilidad civil por lesiones o da�os a terceros o a su propiedad, seguro funerario y similares;12559901;0.19;0.19;0.19;
Cuotas por cr�dito para adquisici�n de veh�culos ;12610101;0.19;0.19;0.19;
"Cuotas o pagos por pr�stamos de consumo realizados a bancos, cooperativas y fondos (incluye cuotas de creditos para vivienda)

";12610102;0;0;0;
Cuotas o pagos por pr�stamos adquiridos con particulares y organizaciones del sector no financiero;12610103;0;0;0;
Compra de vivienda;12610104;0;0;0;
"Pago por chequeras, servicios de cajero autom�tico (retiros, consultas de saldos), audirespuesta, servicios en l�nea o banca virtual, avances en efectivo, costos del taloanario, reposici�n del pl�stico, certificaciones y referencias bancarias y cheques de gerencia.
";12620101;0.19;0.19;0.19;
Comisiones bancarias por transferencias, pagos a terceros, por consignaci�n nacional en oficina diferente a la de radicaci�n, giros, remesas, portes (cheques);12620102;0.19;0.19;0.19;
Cuota de manejo de tarjeta d�bito o cr�dito;12620103;0;0;0;
Pago del ultimo recibo por tarjetas de cr�dito, excluyendo cuota de manejo ;12620104;0;0;0;
Cuotas o pagos directos a almacenes y distribuidores por compras a cr�dito (excluye tarjetas de cr�dito expedidas por almacenes y distribuidores);12620105;;0;0.19;
Servicios financieros por medio de corresponsal;12620106;0;0;0;
Pago de comisi�n por la administraci�n de los fondos de inversi�n colectiva, fondos mutuos de inversi�n, negocios fiduciarios de inversi�n y portafolios de terceros de las sociedades comisionistas de bolsa;12620202;0;0;0;
Honorarios y cargos por servicio de agentes, asesores de inversi�n, consultores fiscales y financieros y servicios similares;12620301;0.19;0.19;0.19;
Remesas de dinero a otros hogares para sostenimiento de personas a cargo del hogar en el exterior;12620302;0;0;0;
"Pagos de honorarios por: asesor�a jur�dicas, contrataci�n de personal para el hogar, guardaespaldas, detectives privados, agencias matrimoniales, agentes inmobiliarios, etc
";12700101;0.19;0.19;0.19;
Libreta militar;12700201;0;0;0;
C�dula de ciudadan�a, pasaporte, visas, tarjetas profesionales, certificados de nacimiento, defunci�n, matrimonio, extrajuicios, certificados de libertad y otros certificados notariales;12700202;0;0;0;No VAT, but impuesto de timbre. In particular, it mixes goods taxed and not taxed
"Cuotas a asociaciones profesionales, partidos pol�ticos,  juntas de acci�n comunal, aportes y donaciones a ONGs y donaciones en dinero a otras instituciones u hogares
";12700301;0;0;0;
"Cuotas a  instituciones religiosas y diezmo
";12700302;0;0;0;
Servicios religiosos y civiles por entierros, matrimonios,  gastos en pompas f�nebres y en otros servicios de funerales, etc;12700401;0.19;0.19;0.19;
"Impuesto predial y de valorizaci�n de la(s) vivienda(s) ocupada(s) por el hogar
";12700601;0;0;0;
Impuestos del vehiculo;12700602;0;0;0;
Impuesto de renta;12700603;0;0;0;
Otros impuestos (de timbre, etc);12700699;0;0;0;
Mesadas a estudiantes y personas no perceptoras de ingresos para gastos diarios;12700701;0;0;0;
Planes de protecci�n social a personas ajenas al hogar (Plan Canitas, Gotas de agua);12700901;0.19;0.19;0.19;
Pago por noticias y anuncios en la prensa y en p�ginas web;12709901;0.19;0.19;0.19;
Pago por servicio de ba�os p�blicos;12709902;0;0;0;
Servicio de fotocopias, reducciones, ampliaciones, laminaciones, argollados, impresi�n de hojas y documentos, servicio de scanner, servicio de quemado de CD o DVD y trabajos en computador;12709903;;0;0;VAT depending on place of purchase (most people buy these goods at pleces wher no VAT is charged).
Servicio de coteros o cargadores;12709904;0.19;0.19;0.19;
